sequence,status,send_time_epoch,recv_time_epoch,send_time_iso,recv_time_iso,rtt_us,packet_size_bytes,from_ip,from_port,error
1,timeout,,,,,,,,,timeout
2,timeout,,,,,,,,,timeout
3,timeout,,,,,,,,,timeout
4,ok,1769499536.407424927,1769499536.408277988,2026-01-27T09:38:56.407425,2026-01-27T09:38:56.408278,853.06,64,192.168.10.30,5005,
5,ok,1769499536.411249399,1769499536.411933184,2026-01-27T09:38:56.411249,2026-01-27T09:38:56.411933,683.78,64,192.168.10.30,5005,
6,ok,1769499536.414825916,1769499536.415484428,2026-01-27T09:38:56.414826,2026-01-27T09:38:56.415484,658.51,64,192.168.10.30,5005,
7,ok,1769499536.418366194,1769499536.418984413,2026-01-27T09:38:56.418366,2026-01-27T09:38:56.418984,618.22,64,192.168.10.30,5005,
8,ok,1769499536.421831369,1769499536.422421932,2026-01-27T09:38:56.421831,2026-01-27T09:38:56.422422,590.56,64,192.168.10.30,5005,
9,ok,1769499536.425260305,1769499536.425816298,2026-01-27T09:38:56.425260,2026-01-27T09:38:56.425816,555.99,64,192.168.10.30,5005,
10,ok,1769499536.428653479,1769499536.429274321,2026-01-27T09:38:56.428653,2026-01-27T09:38:56.429274,620.84,64,192.168.10.30,5005,
11,ok,1769499536.432186365,1769499536.432806730,2026-01-27T09:38:56.432186,2026-01-27T09:38:56.432807,620.37,64,192.168.10.30,5005,
12,ok,1769499536.435703516,1769499536.436296225,2026-01-27T09:38:56.435704,2026-01-27T09:38:56.436296,592.71,64,192.168.10.30,5005,
13,ok,1769499536.439118624,1769499536.439661503,2026-01-27T09:38:56.439119,2026-01-27T09:38:56.439662,542.88,64,192.168.10.30,5005,
14,ok,1769499536.442488432,1769499536.443051100,2026-01-27T09:38:56.442488,2026-01-27T09:38:56.443051,562.67,64,192.168.10.30,5005,
15,ok,1769499536.445892096,1769499536.446501017,2026-01-27T09:38:56.445892,2026-01-27T09:38:56.446501,608.92,64,192.168.10.30,5005,
16,ok,1769499536.449406862,1769499536.450043917,2026-01-27T09:38:56.449407,2026-01-27T09:38:56.450044,637.05,64,192.168.10.30,5005,
17,ok,1769499536.453018188,1769499536.453666449,2026-01-27T09:38:56.453018,2026-01-27T09:38:56.453666,648.26,64,192.168.10.30,5005,
18,ok,1769499536.456573963,1769499536.457142115,2026-01-27T09:38:56.456574,2026-01-27T09:38:56.457142,568.15,64,192.168.10.30,5005,
19,ok,1769499536.459962845,1769499536.460513115,2026-01-27T09:38:56.459963,2026-01-27T09:38:56.460513,550.27,64,192.168.10.30,5005,
20,ok,1769499536.463352919,1769499536.463902950,2026-01-27T09:38:56.463353,2026-01-27T09:38:56.463903,550.03,64,192.168.10.30,5005,
21,ok,1769499536.466719389,1769499536.467221260,2026-01-27T09:38:56.466719,2026-01-27T09:38:56.467221,501.87,64,192.168.10.30,5005,
22,ok,1769499536.470091820,1769499536.470669746,2026-01-27T09:38:56.470092,2026-01-27T09:38:56.470670,577.93,64,192.168.10.30,5005,
23,ok,1769499536.473545074,1769499536.474136353,2026-01-27T09:38:56.473545,2026-01-27T09:38:56.474136,591.28,64,192.168.10.30,5005,
24,ok,1769499536.477018833,1769499536.477635145,2026-01-27T09:38:56.477019,2026-01-27T09:38:56.477635,616.31,64,192.168.10.30,5005,
25,ok,1769499536.480548143,1769499536.481225014,2026-01-27T09:38:56.480548,2026-01-27T09:38:56.481225,676.87,64,192.168.10.30,5005,
26,ok,1769499536.484171152,1769499536.484815836,2026-01-27T09:38:56.484171,2026-01-27T09:38:56.484816,644.68,64,192.168.10.30,5005,
27,ok,1769499536.487706423,1769499536.488263369,2026-01-27T09:38:56.487706,2026-01-27T09:38:56.488263,556.95,64,192.168.10.30,5005,
28,ok,1769499536.491038322,1769499536.491590261,2026-01-27T09:38:56.491038,2026-01-27T09:38:56.491590,551.94,64,192.168.10.30,5005,
29,ok,1769499536.494406462,1769499536.494951487,2026-01-27T09:38:56.494406,2026-01-27T09:38:56.494951,545.02,64,192.168.10.30,5005,
30,ok,1769499536.497755051,1769499536.498300076,2026-01-27T09:38:56.497755,2026-01-27T09:38:56.498300,545.02,64,192.168.10.30,5005,
31,ok,1769499536.501123190,1769499536.501698494,2026-01-27T09:38:56.501123,2026-01-27T09:38:56.501698,575.30,64,192.168.10.30,5005,
32,ok,1769499536.504553318,1769499536.505152941,2026-01-27T09:38:56.504553,2026-01-27T09:38:56.505153,599.62,64,192.168.10.30,5005,
33,ok,1769499536.508016586,1769499536.508596182,2026-01-27T09:38:56.508017,2026-01-27T09:38:56.508596,579.60,64,192.168.10.30,5005,
34,ok,1769499536.511562347,1769499536.512246847,2026-01-27T09:38:56.511562,2026-01-27T09:38:56.512247,684.50,64,192.168.10.30,5005,
35,ok,1769499536.515146971,1769499536.515819788,2026-01-27T09:38:56.515147,2026-01-27T09:38:56.515820,672.82,64,192.168.10.30,5005,
36,ok,1769499536.518660069,1769499536.519247532,2026-01-27T09:38:56.518660,2026-01-27T09:38:56.519248,587.46,64,192.168.10.30,5005,
37,ok,1769499536.522087574,1769499536.522668362,2026-01-27T09:38:56.522088,2026-01-27T09:38:56.522668,580.79,64,192.168.10.30,5005,
38,ok,1769499536.525477886,1769499536.526015759,2026-01-27T09:38:56.525478,2026-01-27T09:38:56.526016,537.87,64,192.168.10.30,5005,
39,ok,1769499536.528823137,1769499536.529374838,2026-01-27T09:38:56.528823,2026-01-27T09:38:56.529375,551.70,64,192.168.10.30,5005,
40,ok,1769499536.532197952,1769499536.532773018,2026-01-27T09:38:56.532198,2026-01-27T09:38:56.532773,575.07,64,192.168.10.30,5005,
41,ok,1769499536.535624027,1769499536.536185265,2026-01-27T09:38:56.535624,2026-01-27T09:38:56.536185,561.24,64,192.168.10.30,5005,
42,ok,1769499536.539013386,1769499536.539646149,2026-01-27T09:38:56.539013,2026-01-27T09:38:56.539646,632.76,64,192.168.10.30,5005,
43,ok,1769499536.542607069,1769499536.543242931,2026-01-27T09:38:56.542607,2026-01-27T09:38:56.543243,635.86,64,192.168.10.30,5005,
44,ok,1769499536.546155453,1769499536.546751261,2026-01-27T09:38:56.546155,2026-01-27T09:38:56.546751,595.81,64,192.168.10.30,5005,
45,ok,1769499536.549650669,1769499536.550200939,2026-01-27T09:38:56.549651,2026-01-27T09:38:56.550201,550.27,64,192.168.10.30,5005,
46,ok,1769499536.553034544,1769499536.553615332,2026-01-27T09:38:56.553035,2026-01-27T09:38:56.553615,580.79,64,192.168.10.30,5005,
47,ok,1769499536.556440115,1769499536.556987047,2026-01-27T09:38:56.556440,2026-01-27T09:38:56.556987,546.93,64,192.168.10.30,5005,
48,ok,1769499536.559787035,1769499536.560317516,2026-01-27T09:38:56.559787,2026-01-27T09:38:56.560318,530.48,64,192.168.10.30,5005,
49,ok,1769499536.563089848,1769499536.563648462,2026-01-27T09:38:56.563090,2026-01-27T09:38:56.563648,558.61,64,192.168.10.30,5005,
50,ok,1769499536.566507339,1769499536.567046881,2026-01-27T09:38:56.566507,2026-01-27T09:38:56.567047,539.54,64,192.168.10.30,5005,
51,ok,1769499536.570048332,1769499536.570704460,2026-01-27T09:38:56.570048,2026-01-27T09:38:56.570704,656.13,64,192.168.10.30,5005,
52,ok,1769499536.573892832,1769499536.574693680,2026-01-27T09:38:56.573893,2026-01-27T09:38:56.574694,800.85,64,192.168.10.30,5005,
53,ok,1769499536.577641010,1769499536.578291655,2026-01-27T09:38:56.577641,2026-01-27T09:38:56.578292,650.64,64,192.168.10.30,5005,
54,ok,1769499536.581259966,1769499536.581945658,2026-01-27T09:38:56.581260,2026-01-27T09:38:56.581946,685.69,64,192.168.10.30,5005,
55,ok,1769499536.584908724,1769499536.585465908,2026-01-27T09:38:56.584909,2026-01-27T09:38:56.585466,557.18,64,192.168.10.30,5005,
56,ok,1769499536.588348389,1769499536.588945866,2026-01-27T09:38:56.588348,2026-01-27T09:38:56.588946,597.48,64,192.168.10.30,5005,
57,ok,1769499536.591773987,1769499536.592324257,2026-01-27T09:38:56.591774,2026-01-27T09:38:56.592324,550.27,64,192.168.10.30,5005,
58,ok,1769499536.595089436,1769499536.595619917,2026-01-27T09:38:56.595089,2026-01-27T09:38:56.595620,530.48,64,192.168.10.30,5005,
59,ok,1769499536.598425150,1769499536.598983049,2026-01-27T09:38:56.598425,2026-01-27T09:38:56.598983,557.90,64,192.168.10.30,5005,
60,ok,1769499536.601807594,1769499536.602388382,2026-01-27T09:38:56.601808,2026-01-27T09:38:56.602388,580.79,64,192.168.10.30,5005,
61,ok,1769499536.605222702,1769499536.605829716,2026-01-27T09:38:56.605223,2026-01-27T09:38:56.605830,607.01,64,192.168.10.30,5005,
62,ok,1769499536.608711958,1769499536.609518528,2026-01-27T09:38:56.608712,2026-01-27T09:38:56.609519,806.57,64,192.168.10.30,5005,
63,ok,1769499536.612587214,1769499536.613275766,2026-01-27T09:38:56.612587,2026-01-27T09:38:56.613276,688.55,64,192.168.10.30,5005,
64,ok,1769499536.616213560,1769499536.616870403,2026-01-27T09:38:56.616214,2026-01-27T09:38:56.616870,656.84,64,192.168.10.30,5005,
65,ok,1769499536.619867802,1769499536.620449781,2026-01-27T09:38:56.619868,2026-01-27T09:38:56.620450,581.98,64,192.168.10.30,5005,
66,ok,1769499536.623267174,1769499536.623895884,2026-01-27T09:38:56.623267,2026-01-27T09:38:56.623896,628.71,64,192.168.10.30,5005,
67,ok,1769499536.626763582,1769499536.627275467,2026-01-27T09:38:56.626764,2026-01-27T09:38:56.627275,511.88,64,192.168.10.30,5005,
68,ok,1769499536.630137682,1769499536.630698442,2026-01-27T09:38:56.630138,2026-01-27T09:38:56.630698,560.76,64,192.168.10.30,5005,
69,ok,1769499536.633593321,1769499536.634181023,2026-01-27T09:38:56.633593,2026-01-27T09:38:56.634181,587.70,64,192.168.10.30,5005,
70,ok,1769499536.637013435,1769499536.637563467,2026-01-27T09:38:56.637013,2026-01-27T09:38:56.637563,550.03,64,192.168.10.30,5005,
71,ok,1769499536.640405416,1769499536.640963554,2026-01-27T09:38:56.640405,2026-01-27T09:38:56.640964,558.14,64,192.168.10.30,5005,
72,ok,1769499536.643806219,1769499536.644361496,2026-01-27T09:38:56.643806,2026-01-27T09:38:56.644361,555.28,64,192.168.10.30,5005,
73,ok,1769499536.647190332,1769499536.647748947,2026-01-27T09:38:56.647190,2026-01-27T09:38:56.647749,558.61,64,192.168.10.30,5005,
74,ok,1769499536.650590420,1769499536.651138306,2026-01-27T09:38:56.650590,2026-01-27T09:38:56.651138,547.89,64,192.168.10.30,5005,
75,ok,1769499536.653977394,1769499536.654557228,2026-01-27T09:38:56.653977,2026-01-27T09:38:56.654557,579.83,64,192.168.10.30,5005,
76,ok,1769499536.657390118,1769499536.657955170,2026-01-27T09:38:56.657390,2026-01-27T09:38:56.657955,565.05,64,192.168.10.30,5005,
77,ok,1769499536.660800695,1769499536.661374807,2026-01-27T09:38:56.660801,2026-01-27T09:38:56.661375,574.11,64,192.168.10.30,5005,
78,ok,1769499536.664222240,1769499536.664773464,2026-01-27T09:38:56.664222,2026-01-27T09:38:56.664773,551.22,64,192.168.10.30,5005,
79,ok,1769499536.667630672,1769499536.668206692,2026-01-27T09:38:56.667631,2026-01-27T09:38:56.668207,576.02,64,192.168.10.30,5005,
80,ok,1769499536.671071768,1769499536.671637535,2026-01-27T09:38:56.671072,2026-01-27T09:38:56.671638,565.77,64,192.168.10.30,5005,
81,ok,1769499536.674597263,1769499536.675270319,2026-01-27T09:38:56.674597,2026-01-27T09:38:56.675270,673.06,64,192.168.10.30,5005,
82,ok,1769499536.678243399,1769499536.678846359,2026-01-27T09:38:56.678243,2026-01-27T09:38:56.678846,602.96,64,192.168.10.30,5005,
83,ok,1769499536.681803465,1769499536.682427168,2026-01-27T09:38:56.681803,2026-01-27T09:38:56.682427,623.70,64,192.168.10.30,5005,
84,ok,1769499536.685219049,1769499536.685794115,2026-01-27T09:38:56.685219,2026-01-27T09:38:56.685794,575.07,64,192.168.10.30,5005,
85,ok,1769499536.688600063,1769499536.689232111,2026-01-27T09:38:56.688600,2026-01-27T09:38:56.689232,632.05,64,192.168.10.30,5005,
86,ok,1769499536.692189932,1769499536.692790985,2026-01-27T09:38:56.692190,2026-01-27T09:38:56.692791,601.05,64,192.168.10.30,5005,
87,ok,1769499536.695690870,1769499536.696301222,2026-01-27T09:38:56.695691,2026-01-27T09:38:56.696301,610.35,64,192.168.10.30,5005,
88,ok,1769499536.699239969,1769499536.699884176,2026-01-27T09:38:56.699240,2026-01-27T09:38:56.699884,644.21,64,192.168.10.30,5005,
89,ok,1769499536.702795744,1769499536.703455210,2026-01-27T09:38:56.702796,2026-01-27T09:38:56.703455,659.47,64,192.168.10.30,5005,
90,ok,1769499536.706374645,1769499536.707019806,2026-01-27T09:38:56.706375,2026-01-27T09:38:56.707020,645.16,64,192.168.10.30,5005,
91,ok,1769499536.709909678,1769499536.710490465,2026-01-27T09:38:56.709910,2026-01-27T09:38:56.710490,580.79,64,192.168.10.30,5005,
92,ok,1769499536.713332176,1769499536.713936329,2026-01-27T09:38:56.713332,2026-01-27T09:38:56.713936,604.15,64,192.168.10.30,5005,
93,ok,1769499536.716797590,1769499536.717326403,2026-01-27T09:38:56.716798,2026-01-27T09:38:56.717326,528.81,64,192.168.10.30,5005,
94,ok,1769499536.720197678,1769499536.720775127,2026-01-27T09:38:56.720198,2026-01-27T09:38:56.720775,577.45,64,192.168.10.30,5005,
95,ok,1769499536.723602772,1769499536.724176645,2026-01-27T09:38:56.723603,2026-01-27T09:38:56.724177,573.87,64,192.168.10.30,5005,
96,ok,1769499536.727061987,1769499536.727705002,2026-01-27T09:38:56.727062,2026-01-27T09:38:56.727705,643.01,64,192.168.10.30,5005,
97,ok,1769499536.730648279,1769499536.731282473,2026-01-27T09:38:56.730648,2026-01-27T09:38:56.731282,634.19,64,192.168.10.30,5005,
98,ok,1769499536.734210730,1769499536.734917879,2026-01-27T09:38:56.734211,2026-01-27T09:38:56.734918,707.15,64,192.168.10.30,5005,
99,ok,1769499536.737936974,1769499536.738648415,2026-01-27T09:38:56.737937,2026-01-27T09:38:56.738648,711.44,64,192.168.10.30,5005,
100,ok,1769499536.741692305,1769499536.742386341,2026-01-27T09:38:56.741692,2026-01-27T09:38:56.742386,694.04,64,192.168.10.30,5005,
101,ok,1769499536.745403767,1769499536.746138334,2026-01-27T09:38:56.745404,2026-01-27T09:38:56.746138,734.57,64,192.168.10.30,5005,
102,ok,1769499536.749198437,1769499536.749795914,2026-01-27T09:38:56.749198,2026-01-27T09:38:56.749796,597.48,64,192.168.10.30,5005,
103,ok,1769499536.752676010,1769499536.753275871,2026-01-27T09:38:56.752676,2026-01-27T09:38:56.753276,599.86,64,192.168.10.30,5005,
104,ok,1769499536.756137609,1769499536.756691933,2026-01-27T09:38:56.756138,2026-01-27T09:38:56.756692,554.32,64,192.168.10.30,5005,
105,ok,1769499536.759535313,1769499536.760156870,2026-01-27T09:38:56.759535,2026-01-27T09:38:56.760157,621.56,64,192.168.10.30,5005,
106,ok,1769499536.763044596,1769499536.763614178,2026-01-27T09:38:56.763045,2026-01-27T09:38:56.763614,569.58,64,192.168.10.30,5005,
107,ok,1769499536.766467810,1769499536.767084599,2026-01-27T09:38:56.766468,2026-01-27T09:38:56.767085,616.79,64,192.168.10.30,5005,
108,ok,1769499536.769968033,1769499536.770592451,2026-01-27T09:38:56.769968,2026-01-27T09:38:56.770592,624.42,64,192.168.10.30,5005,
109,ok,1769499536.773483992,1769499536.774112225,2026-01-27T09:38:56.773484,2026-01-27T09:38:56.774112,628.23,64,192.168.10.30,5005,
110,ok,1769499536.777006865,1769499536.777656078,2026-01-27T09:38:56.777007,2026-01-27T09:38:56.777656,649.21,64,192.168.10.30,5005,
111,ok,1769499536.780643225,1769499536.781333923,2026-01-27T09:38:56.780643,2026-01-27T09:38:56.781334,690.70,64,192.168.10.30,5005,
112,ok,1769499536.784287930,1769499536.784963608,2026-01-27T09:38:56.784288,2026-01-27T09:38:56.784964,675.68,64,192.168.10.30,5005,
113,ok,1769499536.787979841,1769499536.788601398,2026-01-27T09:38:56.787980,2026-01-27T09:38:56.788601,621.56,64,192.168.10.30,5005,
114,ok,1769499536.791443825,1769499536.792047262,2026-01-27T09:38:56.791444,2026-01-27T09:38:56.792047,603.44,64,192.168.10.30,5005,
115,ok,1769499536.794952869,1769499536.795645714,2026-01-27T09:38:56.794953,2026-01-27T09:38:56.795646,692.84,64,192.168.10.30,5005,
116,ok,1769499536.798584938,1769499536.799158573,2026-01-27T09:38:56.798585,2026-01-27T09:38:56.799159,573.64,64,192.168.10.30,5005,
117,ok,1769499536.802012682,1769499536.802551985,2026-01-27T09:38:56.802013,2026-01-27T09:38:56.802552,539.30,64,192.168.10.30,5005,
118,ok,1769499536.805362225,1769499536.805910826,2026-01-27T09:38:56.805362,2026-01-27T09:38:56.805911,548.60,64,192.168.10.30,5005,
119,ok,1769499536.808785677,1769499536.809406757,2026-01-27T09:38:56.808786,2026-01-27T09:38:56.809407,621.08,64,192.168.10.30,5005,
120,ok,1769499536.812305927,1769499536.812909126,2026-01-27T09:38:56.812306,2026-01-27T09:38:56.812909,603.20,64,192.168.10.30,5005,
121,ok,1769499536.815794468,1769499536.816430330,2026-01-27T09:38:56.815794,2026-01-27T09:38:56.816430,635.86,64,192.168.10.30,5005,
122,ok,1769499536.819384575,1769499536.820035696,2026-01-27T09:38:56.819385,2026-01-27T09:38:56.820036,651.12,64,192.168.10.30,5005,
123,ok,1769499536.822992086,1769499536.823574066,2026-01-27T09:38:56.822992,2026-01-27T09:38:56.823574,581.98,64,192.168.10.30,5005,
124,ok,1769499536.826438427,1769499536.827142715,2026-01-27T09:38:56.826438,2026-01-27T09:38:56.827143,704.29,64,192.168.10.30,5005,
125,ok,1769499536.830047131,1769499536.830661774,2026-01-27T09:38:56.830047,2026-01-27T09:38:56.830662,614.64,64,192.168.10.30,5005,
126,ok,1769499536.833585501,1769499536.834136486,2026-01-27T09:38:56.833586,2026-01-27T09:38:56.834136,550.99,64,192.168.10.30,5005,
127,ok,1769499536.836979628,1769499536.837579012,2026-01-27T09:38:56.836980,2026-01-27T09:38:56.837579,599.38,64,192.168.10.30,5005,
128,ok,1769499536.840422630,1769499536.841016054,2026-01-27T09:38:56.840423,2026-01-27T09:38:56.841016,593.42,64,192.168.10.30,5005,
129,ok,1769499536.843910694,1769499536.844580173,2026-01-27T09:38:56.843911,2026-01-27T09:38:56.844580,669.48,64,192.168.10.30,5005,
130,ok,1769499536.847593069,1769499536.848277330,2026-01-27T09:38:56.847593,2026-01-27T09:38:56.848277,684.26,64,192.168.10.30,5005,
131,ok,1769499536.851182222,1769499536.851832390,2026-01-27T09:38:56.851182,2026-01-27T09:38:56.851832,650.17,64,192.168.10.30,5005,
132,ok,1769499536.854755878,1769499536.855403662,2026-01-27T09:38:56.854756,2026-01-27T09:38:56.855404,647.78,64,192.168.10.30,5005,
133,ok,1769499536.858294010,1769499536.858960867,2026-01-27T09:38:56.858294,2026-01-27T09:38:56.858961,666.86,64,192.168.10.30,5005,
134,ok,1769499536.861977100,1769499536.862722397,2026-01-27T09:38:56.861977,2026-01-27T09:38:56.862722,745.30,64,192.168.10.30,5005,
135,ok,1769499536.865745783,1769499536.866442442,2026-01-27T09:38:56.865746,2026-01-27T09:38:56.866442,696.66,64,192.168.10.30,5005,
136,ok,1769499536.869319916,1769499536.869958162,2026-01-27T09:38:56.869320,2026-01-27T09:38:56.869958,638.25,64,192.168.10.30,5005,
137,ok,1769499536.872819662,1769499536.873467922,2026-01-27T09:38:56.872820,2026-01-27T09:38:56.873468,648.26,64,192.168.10.30,5005,
138,ok,1769499536.876301765,1769499536.876882076,2026-01-27T09:38:56.876302,2026-01-27T09:38:56.876882,580.31,64,192.168.10.30,5005,
139,ok,1769499536.879700184,1769499536.880306005,2026-01-27T09:38:56.879700,2026-01-27T09:38:56.880306,605.82,64,192.168.10.30,5005,
140,ok,1769499536.883086681,1769499536.883714676,2026-01-27T09:38:56.883087,2026-01-27T09:38:56.883715,627.99,64,192.168.10.30,5005,
141,ok,1769499536.886584997,1769499536.887226343,2026-01-27T09:38:56.886585,2026-01-27T09:38:56.887226,641.35,64,192.168.10.30,5005,
142,ok,1769499536.890106440,1769499536.890715361,2026-01-27T09:38:56.890106,2026-01-27T09:38:56.890715,608.92,64,192.168.10.30,5005,
143,ok,1769499536.893628836,1769499536.894277573,2026-01-27T09:38:56.893629,2026-01-27T09:38:56.894278,648.74,64,192.168.10.30,5005,
144,ok,1769499536.897203922,1769499536.897881508,2026-01-27T09:38:56.897204,2026-01-27T09:38:56.897882,677.59,64,192.168.10.30,5005,
145,ok,1769499536.900820494,1769499536.901465416,2026-01-27T09:38:56.900820,2026-01-27T09:38:56.901465,644.92,64,192.168.10.30,5005,
146,ok,1769499536.904327869,1769499536.904960155,2026-01-27T09:38:56.904328,2026-01-27T09:38:56.904960,632.29,64,192.168.10.30,5005,
147,ok,1769499536.907795668,1769499536.908385277,2026-01-27T09:38:56.907796,2026-01-27T09:38:56.908385,589.61,64,192.168.10.30,5005,
148,ok,1769499536.911149502,1769499536.911727667,2026-01-27T09:38:56.911150,2026-01-27T09:38:56.911728,578.17,64,192.168.10.30,5005,
149,ok,1769499536.914557219,1769499536.915153265,2026-01-27T09:38:56.914557,2026-01-27T09:38:56.915153,596.05,64,192.168.10.30,5005,
150,ok,1769499536.917997837,1769499536.918575764,2026-01-27T09:38:56.917998,2026-01-27T09:38:56.918576,577.93,64,192.168.10.30,5005,
151,ok,1769499536.921439409,1769499536.922029257,2026-01-27T09:38:56.921439,2026-01-27T09:38:56.922029,589.85,64,192.168.10.30,5005,
152,ok,1769499536.924926281,1769499536.925608873,2026-01-27T09:38:56.924926,2026-01-27T09:38:56.925609,682.59,64,192.168.10.30,5005,
153,ok,1769499536.928593159,1769499536.929308176,2026-01-27T09:38:56.928593,2026-01-27T09:38:56.929308,715.02,64,192.168.10.30,5005,
154,ok,1769499536.932251692,1769499536.932868242,2026-01-27T09:38:56.932252,2026-01-27T09:38:56.932868,616.55,64,192.168.10.30,5005,
155,ok,1769499536.935721874,1769499536.936301708,2026-01-27T09:38:56.935722,2026-01-27T09:38:56.936302,579.83,64,192.168.10.30,5005,
156,ok,1769499536.939097166,1769499536.939693928,2026-01-27T09:38:56.939097,2026-01-27T09:38:56.939694,596.76,64,192.168.10.30,5005,
157,ok,1769499536.942566872,1769499536.943157196,2026-01-27T09:38:56.942567,2026-01-27T09:38:56.943157,590.32,64,192.168.10.30,5005,
158,ok,1769499536.945976734,1769499536.946554184,2026-01-27T09:38:56.945977,2026-01-27T09:38:56.946554,577.45,64,192.168.10.30,5005,
159,ok,1769499536.949381351,1769499536.949985981,2026-01-27T09:38:56.949381,2026-01-27T09:38:56.949986,604.63,64,192.168.10.30,5005,
160,ok,1769499536.952873945,1769499536.953497410,2026-01-27T09:38:56.952874,2026-01-27T09:38:56.953497,623.46,64,192.168.10.30,5005,
161,ok,1769499536.956383228,1769499536.957009554,2026-01-27T09:38:56.956383,2026-01-27T09:38:56.957010,626.33,64,192.168.10.30,5005,
162,ok,1769499536.959964275,1769499536.960659504,2026-01-27T09:38:56.959964,2026-01-27T09:38:56.960660,695.23,64,192.168.10.30,5005,
163,ok,1769499536.963579178,1769499536.964177132,2026-01-27T09:38:56.963579,2026-01-27T09:38:56.964177,597.95,64,192.168.10.30,5005,
164,ok,1769499536.967005968,1769499536.967611313,2026-01-27T09:38:56.967006,2026-01-27T09:38:56.967611,605.34,64,192.168.10.30,5005,
165,ok,1769499536.970468521,1769499536.971078157,2026-01-27T09:38:56.970469,2026-01-27T09:38:56.971078,609.64,64,192.168.10.30,5005,
166,ok,1769499536.973907232,1769499536.974560976,2026-01-27T09:38:56.973907,2026-01-27T09:38:56.974561,653.74,64,192.168.10.30,5005,
167,ok,1769499536.977374554,1769499536.977962971,2026-01-27T09:38:56.977375,2026-01-27T09:38:56.977963,588.42,64,192.168.10.30,5005,
168,ok,1769499536.980798960,1769499536.981448174,2026-01-27T09:38:56.980799,2026-01-27T09:38:56.981448,649.21,64,192.168.10.30,5005,
169,ok,1769499536.984325171,1769499536.984933376,2026-01-27T09:38:56.984325,2026-01-27T09:38:56.984933,608.21,64,192.168.10.30,5005,
170,ok,1769499536.987841368,1769499536.988500118,2026-01-27T09:38:56.987841,2026-01-27T09:38:56.988500,658.75,64,192.168.10.30,5005,
171,ok,1769499536.991417408,1769499536.992063522,2026-01-27T09:38:56.991417,2026-01-27T09:38:56.992064,646.11,64,192.168.10.30,5005,
172,ok,1769499536.995056629,1769499536.995796204,2026-01-27T09:38:56.995057,2026-01-27T09:38:56.995796,739.57,64,192.168.10.30,5005,
173,ok,1769499536.998717546,1769499536.999343634,2026-01-27T09:38:56.998718,2026-01-27T09:38:56.999344,626.09,64,192.168.10.30,5005,
174,ok,1769499537.002204180,1769499537.002823591,2026-01-27T09:38:57.002204,2026-01-27T09:38:57.002824,619.41,64,192.168.10.30,5005,
175,ok,1769499537.005716562,1769499537.006394863,2026-01-27T09:38:57.005717,2026-01-27T09:38:57.006395,678.30,64,192.168.10.30,5005,
176,ok,1769499537.009210825,1769499537.009814978,2026-01-27T09:38:57.009211,2026-01-27T09:38:57.009815,604.15,64,192.168.10.30,5005,
177,ok,1769499537.012639523,1769499537.013272524,2026-01-27T09:38:57.012640,2026-01-27T09:38:57.013273,633.00,64,192.168.10.30,5005,
178,ok,1769499537.016110420,1769499537.016726732,2026-01-27T09:38:57.016110,2026-01-27T09:38:57.016727,616.31,64,192.168.10.30,5005,
179,ok,1769499537.019604683,1769499537.020221710,2026-01-27T09:38:57.019605,2026-01-27T09:38:57.020222,617.03,64,192.168.10.30,5005,
180,ok,1769499537.023050785,1769499537.023682594,2026-01-27T09:38:57.023051,2026-01-27T09:38:57.023683,631.81,64,192.168.10.30,5005,
181,ok,1769499537.026661396,1769499537.027331591,2026-01-27T09:38:57.026661,2026-01-27T09:38:57.027332,670.19,64,192.168.10.30,5005,
182,ok,1769499537.030238152,1769499537.030905008,2026-01-27T09:38:57.030238,2026-01-27T09:38:57.030905,666.86,64,192.168.10.30,5005,
183,ok,1769499537.033758163,1769499537.034377098,2026-01-27T09:38:57.033758,2026-01-27T09:38:57.034377,618.93,64,192.168.10.30,5005,
184,ok,1769499537.037223101,1769499537.037841558,2026-01-27T09:38:57.037223,2026-01-27T09:38:57.037842,618.46,64,192.168.10.30,5005,
185,ok,1769499537.040672779,1769499537.041275024,2026-01-27T09:38:57.040673,2026-01-27T09:38:57.041275,602.25,64,192.168.10.30,5005,
186,ok,1769499537.044103384,1769499537.044688463,2026-01-27T09:38:57.044103,2026-01-27T09:38:57.044688,585.08,64,192.168.10.30,5005,
187,ok,1769499537.047546387,1769499537.048157215,2026-01-27T09:38:57.047546,2026-01-27T09:38:57.048157,610.83,64,192.168.10.30,5005,
188,ok,1769499537.051003695,1769499537.051618814,2026-01-27T09:38:57.051004,2026-01-27T09:38:57.051619,615.12,64,192.168.10.30,5005,
189,ok,1769499537.054578543,1769499537.055225372,2026-01-27T09:38:57.054579,2026-01-27T09:38:57.055225,646.83,64,192.168.10.30,5005,
190,ok,1769499537.058180571,1769499537.058880806,2026-01-27T09:38:57.058181,2026-01-27T09:38:57.058881,700.24,64,192.168.10.30,5005,
191,ok,1769499537.061883926,1769499537.062603235,2026-01-27T09:38:57.061884,2026-01-27T09:38:57.062603,719.31,64,192.168.10.30,5005,
192,ok,1769499537.065508604,1769499537.066144705,2026-01-27T09:38:57.065509,2026-01-27T09:38:57.066145,636.10,64,192.168.10.30,5005,
193,ok,1769499537.069005251,1769499537.069652319,2026-01-27T09:38:57.069005,2026-01-27T09:38:57.069652,647.07,64,192.168.10.30,5005,
194,ok,1769499537.072501898,1769499537.073111296,2026-01-27T09:38:57.072502,2026-01-27T09:38:57.073111,609.40,64,192.168.10.30,5005,
195,ok,1769499537.075928211,1769499537.076528788,2026-01-27T09:38:57.075928,2026-01-27T09:38:57.076529,600.58,64,192.168.10.30,5005,
196,ok,1769499537.079355240,1769499537.079969883,2026-01-27T09:38:57.079355,2026-01-27T09:38:57.079970,614.64,64,192.168.10.30,5005,
197,ok,1769499537.082810640,1769499537.083459139,2026-01-27T09:38:57.082811,2026-01-27T09:38:57.083459,648.50,64,192.168.10.30,5005,
198,ok,1769499537.086342096,1769499537.086965322,2026-01-27T09:38:57.086342,2026-01-27T09:38:57.086965,623.23,64,192.168.10.30,5005,
199,ok,1769499537.089850187,1769499537.090562344,2026-01-27T09:38:57.089850,2026-01-27T09:38:57.090562,712.16,64,192.168.10.30,5005,
200,ok,1769499537.093523264,1769499537.094160318,2026-01-27T09:38:57.093523,2026-01-27T09:38:57.094160,637.05,64,192.168.10.30,5005,
201,ok,1769499537.097100973,1769499537.097736120,2026-01-27T09:38:57.097101,2026-01-27T09:38:57.097736,635.15,64,192.168.10.30,5005,
202,ok,1769499537.100590944,1769499537.101226807,2026-01-27T09:38:57.100591,2026-01-27T09:38:57.101227,635.86,64,192.168.10.30,5005,
203,ok,1769499537.104077816,1769499537.104695320,2026-01-27T09:38:57.104078,2026-01-27T09:38:57.104695,617.50,64,192.168.10.30,5005,
204,ok,1769499537.107527494,1769499537.108146667,2026-01-27T09:38:57.107527,2026-01-27T09:38:57.108147,619.17,64,192.168.10.30,5005,
205,ok,1769499537.110961437,1769499537.111564636,2026-01-27T09:38:57.110961,2026-01-27T09:38:57.111565,603.20,64,192.168.10.30,5005,
206,ok,1769499537.114356279,1769499537.114987373,2026-01-27T09:38:57.114356,2026-01-27T09:38:57.114987,631.09,64,192.168.10.30,5005,
207,ok,1769499537.117868185,1769499537.118515015,2026-01-27T09:38:57.117868,2026-01-27T09:38:57.118515,646.83,64,192.168.10.30,5005,
208,ok,1769499537.121381998,1769499537.122060061,2026-01-27T09:38:57.121382,2026-01-27T09:38:57.122060,678.06,64,192.168.10.30,5005,
209,ok,1769499537.125000715,1769499537.125678778,2026-01-27T09:38:57.125001,2026-01-27T09:38:57.125679,678.06,64,192.168.10.30,5005,
210,ok,1769499537.128655434,1769499537.129376411,2026-01-27T09:38:57.128655,2026-01-27T09:38:57.129376,720.98,64,192.168.10.30,5005,
211,ok,1769499537.132295609,1769499537.132918358,2026-01-27T09:38:57.132296,2026-01-27T09:38:57.132918,622.75,64,192.168.10.30,5005,
212,ok,1769499537.135770559,1769499537.136370420,2026-01-27T09:38:57.135771,2026-01-27T09:38:57.136370,599.86,64,192.168.10.30,5005,
213,ok,1769499537.139168262,1769499537.139780760,2026-01-27T09:38:57.139168,2026-01-27T09:38:57.139781,612.50,64,192.168.10.30,5005,
214,ok,1769499537.142607689,1769499537.143187523,2026-01-27T09:38:57.142608,2026-01-27T09:38:57.143188,579.83,64,192.168.10.30,5005,
215,ok,1769499537.146009207,1769499537.146596193,2026-01-27T09:38:57.146009,2026-01-27T09:38:57.146596,586.99,64,192.168.10.30,5005,
216,ok,1769499537.149426699,1769499537.150042772,2026-01-27T09:38:57.149427,2026-01-27T09:38:57.150043,616.07,64,192.168.10.30,5005,
217,ok,1769499537.152932882,1769499537.153545141,2026-01-27T09:38:57.152933,2026-01-27T09:38:57.153545,612.26,64,192.168.10.30,5005,
218,ok,1769499537.156452179,1769499537.157095909,2026-01-27T09:38:57.156452,2026-01-27T09:38:57.157096,643.73,64,192.168.10.30,5005,
219,ok,1769499537.160048485,1769499537.160732746,2026-01-27T09:38:57.160048,2026-01-27T09:38:57.160733,684.26,64,192.168.10.30,5005,
220,ok,1769499537.163647890,1769499537.164257050,2026-01-27T09:38:57.163648,2026-01-27T09:38:57.164257,609.16,64,192.168.10.30,5005,
221,ok,1769499537.167053938,1769499537.167670965,2026-01-27T09:38:57.167054,2026-01-27T09:38:57.167671,617.03,64,192.168.10.30,5005,
222,ok,1769499537.170529127,1769499537.171074152,2026-01-27T09:38:57.170529,2026-01-27T09:38:57.171074,545.02,64,192.168.10.30,5005,
223,ok,1769499537.173906088,1769499537.174518347,2026-01-27T09:38:57.173906,2026-01-27T09:38:57.174518,612.26,64,192.168.10.30,5005,
224,ok,1769499537.177331924,1769499537.177934885,2026-01-27T09:38:57.177332,2026-01-27T09:38:57.177935,602.96,64,192.168.10.30,5005,
225,ok,1769499537.180788279,1769499537.181446075,2026-01-27T09:38:57.180788,2026-01-27T09:38:57.181446,657.80,64,192.168.10.30,5005,
226,ok,1769499537.184328794,1769499537.184947252,2026-01-27T09:38:57.184329,2026-01-27T09:38:57.184947,618.46,64,192.168.10.30,5005,
227,ok,1769499537.187860489,1769499537.188509703,2026-01-27T09:38:57.187860,2026-01-27T09:38:57.188510,649.21,64,192.168.10.30,5005,
228,ok,1769499537.191422224,1769499537.192064285,2026-01-27T09:38:57.191422,2026-01-27T09:38:57.192064,642.06,64,192.168.10.30,5005,
229,ok,1769499537.195061445,1769499537.195690155,2026-01-27T09:38:57.195061,2026-01-27T09:38:57.195690,628.71,64,192.168.10.30,5005,
230,ok,1769499537.198620558,1769499537.199224472,2026-01-27T09:38:57.198621,2026-01-27T09:38:57.199224,603.91,64,192.168.10.30,5005,
231,ok,1769499537.202029467,1769499537.202631712,2026-01-27T09:38:57.202029,2026-01-27T09:38:57.202632,602.25,64,192.168.10.30,5005,
232,ok,1769499537.205473185,1769499537.206083059,2026-01-27T09:38:57.205473,2026-01-27T09:38:57.206083,609.87,64,192.168.10.30,5005,
233,ok,1769499537.208917141,1769499537.209497929,2026-01-27T09:38:57.208917,2026-01-27T09:38:57.209498,580.79,64,192.168.10.30,5005,
234,ok,1769499537.212342501,1769499537.212928057,2026-01-27T09:38:57.212343,2026-01-27T09:38:57.212928,585.56,64,192.168.10.30,5005,
235,ok,1769499537.215754747,1769499537.216376543,2026-01-27T09:38:57.215755,2026-01-27T09:38:57.216377,621.80,64,192.168.10.30,5005,
236,ok,1769499537.219237328,1769499537.219858885,2026-01-27T09:38:57.219237,2026-01-27T09:38:57.219859,621.56,64,192.168.10.30,5005,
237,ok,1769499537.222749949,1769499537.223371506,2026-01-27T09:38:57.222750,2026-01-27T09:38:57.223372,621.56,64,192.168.10.30,5005,
238,ok,1769499537.226347208,1769499537.227006197,2026-01-27T09:38:57.226347,2026-01-27T09:38:57.227006,658.99,64,192.168.10.30,5005,
239,ok,1769499537.229965687,1769499537.230636835,2026-01-27T09:38:57.229966,2026-01-27T09:38:57.230637,671.15,64,192.168.10.30,5005,
240,ok,1769499537.233486176,1769499537.234085560,2026-01-27T09:38:57.233486,2026-01-27T09:38:57.234086,599.38,64,192.168.10.30,5005,
241,ok,1769499537.236947298,1769499537.237601519,2026-01-27T09:38:57.236947,2026-01-27T09:38:57.237602,654.22,64,192.168.10.30,5005,
242,ok,1769499537.240440369,1769499537.241019487,2026-01-27T09:38:57.240440,2026-01-27T09:38:57.241019,579.12,64,192.168.10.30,5005,
243,ok,1769499537.243836164,1769499537.244440556,2026-01-27T09:38:57.243836,2026-01-27T09:38:57.244441,604.39,64,192.168.10.30,5005,
244,ok,1769499537.247245312,1769499537.247851849,2026-01-27T09:38:57.247245,2026-01-27T09:38:57.247852,606.54,64,192.168.10.30,5005,
245,ok,1769499537.250725985,1769499537.251351833,2026-01-27T09:38:57.250726,2026-01-27T09:38:57.251352,625.85,64,192.168.10.30,5005,
246,ok,1769499537.254380703,1769499537.255003691,2026-01-27T09:38:57.254381,2026-01-27T09:38:57.255004,622.99,64,192.168.10.30,5005,
247,ok,1769499537.257945299,1769499537.258623600,2026-01-27T09:38:57.257945,2026-01-27T09:38:57.258624,678.30,64,192.168.10.30,5005,
248,ok,1769499537.261652470,1769499537.262350559,2026-01-27T09:38:57.261652,2026-01-27T09:38:57.262351,698.09,64,192.168.10.30,5005,
249,ok,1769499537.265295982,1769499537.265914202,2026-01-27T09:38:57.265296,2026-01-27T09:38:57.265914,618.22,64,192.168.10.30,5005,
250,ok,1769499537.268716574,1769499537.269311190,2026-01-27T09:38:57.268717,2026-01-27T09:38:57.269311,594.62,64,192.168.10.30,5005,
251,ok,1769499537.272161007,1769499537.272749901,2026-01-27T09:38:57.272161,2026-01-27T09:38:57.272750,588.89,64,192.168.10.30,5005,
252,ok,1769499537.275580168,1769499537.276172400,2026-01-27T09:38:57.275580,2026-01-27T09:38:57.276172,592.23,64,192.168.10.30,5005,
253,ok,1769499537.278974056,1769499537.279581547,2026-01-27T09:38:57.278974,2026-01-27T09:38:57.279582,607.49,64,192.168.10.30,5005,
254,ok,1769499537.282422781,1769499537.283078671,2026-01-27T09:38:57.282423,2026-01-27T09:38:57.283079,655.89,64,192.168.10.30,5005,
255,ok,1769499537.285962582,1769499537.286591053,2026-01-27T09:38:57.285963,2026-01-27T09:38:57.286591,628.47,64,192.168.10.30,5005,
256,ok,1769499537.289458036,1769499537.290105581,2026-01-27T09:38:57.289458,2026-01-27T09:38:57.290106,647.54,64,192.168.10.30,5005,
257,ok,1769499537.293082714,1769499537.293775082,2026-01-27T09:38:57.293083,2026-01-27T09:38:57.293775,692.37,64,192.168.10.30,5005,
258,ok,1769499537.296693802,1769499537.297347069,2026-01-27T09:38:57.296694,2026-01-27T09:38:57.297347,653.27,64,192.168.10.30,5005,
259,ok,1769499537.300207376,1769499537.300781012,2026-01-27T09:38:57.300207,2026-01-27T09:38:57.300781,573.64,64,192.168.10.30,5005,
260,ok,1769499537.303582907,1769499537.304206610,2026-01-27T09:38:57.303583,2026-01-27T09:38:57.304207,623.70,64,192.168.10.30,5005,
261,ok,1769499537.306966305,1769499537.307566404,2026-01-27T09:38:57.306966,2026-01-27T09:38:57.307566,600.10,64,192.168.10.30,5005,
262,ok,1769499537.310391665,1769499537.310989380,2026-01-27T09:38:57.310392,2026-01-27T09:38:57.310989,597.72,64,192.168.10.30,5005,
263,ok,1769499537.313826084,1769499537.314442396,2026-01-27T09:38:57.313826,2026-01-27T09:38:57.314442,616.31,64,192.168.10.30,5005,
264,ok,1769499537.317310572,1769499537.317924976,2026-01-27T09:38:57.317311,2026-01-27T09:38:57.317925,614.40,64,192.168.10.30,5005,
265,ok,1769499537.320949554,1769499537.321602821,2026-01-27T09:38:57.320950,2026-01-27T09:38:57.321603,653.27,64,192.168.10.30,5005,
266,ok,1769499537.324546337,1769499537.325202227,2026-01-27T09:38:57.324546,2026-01-27T09:38:57.325202,655.89,64,192.168.10.30,5005,
267,ok,1769499537.328169584,1769499537.328837872,2026-01-27T09:38:57.328170,2026-01-27T09:38:57.328838,668.29,64,192.168.10.30,5005,
268,ok,1769499537.331794024,1769499537.332440853,2026-01-27T09:38:57.331794,2026-01-27T09:38:57.332441,646.83,64,192.168.10.30,5005,
269,ok,1769499537.335243464,1769499537.335816622,2026-01-27T09:38:57.335243,2026-01-27T09:38:57.335817,573.16,64,192.168.10.30,5005,
270,ok,1769499537.338670015,1769499537.339282751,2026-01-27T09:38:57.338670,2026-01-27T09:38:57.339283,612.74,64,192.168.10.30,5005,
271,ok,1769499537.342144012,1769499537.342714310,2026-01-27T09:38:57.342144,2026-01-27T09:38:57.342714,570.30,64,192.168.10.30,5005,
272,ok,1769499537.345578194,1769499537.346167803,2026-01-27T09:38:57.345578,2026-01-27T09:38:57.346168,589.61,64,192.168.10.30,5005,
273,ok,1769499537.349000931,1769499537.349658728,2026-01-27T09:38:57.349001,2026-01-27T09:38:57.349659,657.80,64,192.168.10.30,5005,
274,ok,1769499537.352546453,1769499537.353186369,2026-01-27T09:38:57.352546,2026-01-27T09:38:57.353186,639.92,64,192.168.10.30,5005,
275,ok,1769499537.356067896,1769499537.356710911,2026-01-27T09:38:57.356068,2026-01-27T09:38:57.356711,643.01,64,192.168.10.30,5005,
276,ok,1769499537.359647989,1769499537.360363007,2026-01-27T09:38:57.359648,2026-01-27T09:38:57.360363,715.02,64,192.168.10.30,5005,
277,ok,1769499537.363283157,1769499537.363913059,2026-01-27T09:38:57.363283,2026-01-27T09:38:57.363913,629.90,64,192.168.10.30,5005,
278,ok,1769499537.366772175,1769499537.367411613,2026-01-27T09:38:57.366772,2026-01-27T09:38:57.367412,639.44,64,192.168.10.30,5005,
279,ok,1769499537.370241642,1769499537.370882988,2026-01-27T09:38:57.370242,2026-01-27T09:38:57.370883,641.35,64,192.168.10.30,5005,
280,ok,1769499537.373769283,1769499537.374343395,2026-01-27T09:38:57.373769,2026-01-27T09:38:57.374343,574.11,64,192.168.10.30,5005,
281,ok,1769499537.377157450,1769499537.377769232,2026-01-27T09:38:57.377157,2026-01-27T09:38:57.377769,611.78,64,192.168.10.30,5005,
282,ok,1769499537.380603552,1769499537.381211281,2026-01-27T09:38:57.380604,2026-01-27T09:38:57.381211,607.73,64,192.168.10.30,5005,
283,ok,1769499537.384091377,1769499537.384701729,2026-01-27T09:38:57.384091,2026-01-27T09:38:57.384702,610.35,64,192.168.10.30,5005,
284,ok,1769499537.387597561,1769499537.388254166,2026-01-27T09:38:57.387598,2026-01-27T09:38:57.388254,656.60,64,192.168.10.30,5005,
285,ok,1769499537.391129255,1769499537.391773701,2026-01-27T09:38:57.391129,2026-01-27T09:38:57.391774,644.45,64,192.168.10.30,5005,
286,ok,1769499537.394754648,1769499537.395425558,2026-01-27T09:38:57.394755,2026-01-27T09:38:57.395426,670.91,64,192.168.10.30,5005,
287,ok,1769499537.398344755,1769499537.398960590,2026-01-27T09:38:57.398345,2026-01-27T09:38:57.398961,615.84,64,192.168.10.30,5005,
288,ok,1769499537.401824474,1769499537.402419090,2026-01-27T09:38:57.401824,2026-01-27T09:38:57.402419,594.62,64,192.168.10.30,5005,
289,ok,1769499537.405260086,1769499537.405924082,2026-01-27T09:38:57.405260,2026-01-27T09:38:57.405924,664.00,64,192.168.10.30,5005,
290,ok,1769499537.408758640,1769499537.409387827,2026-01-27T09:38:57.408759,2026-01-27T09:38:57.409388,629.19,64,192.168.10.30,5005,
291,ok,1769499537.412235022,1769499537.412821293,2026-01-27T09:38:57.412235,2026-01-27T09:38:57.412821,586.27,64,192.168.10.30,5005,
292,ok,1769499537.415654659,1769499537.416324854,2026-01-27T09:38:57.415655,2026-01-27T09:38:57.416325,670.19,64,192.168.10.30,5005,
293,ok,1769499537.419155359,1769499537.419873953,2026-01-27T09:38:57.419155,2026-01-27T09:38:57.419874,718.59,64,192.168.10.30,5005,
294,ok,1769499537.422768831,1769499537.423570633,2026-01-27T09:38:57.422769,2026-01-27T09:38:57.423571,801.80,64,192.168.10.30,5005,
295,ok,1769499537.426548481,1769499537.427279949,2026-01-27T09:38:57.426548,2026-01-27T09:38:57.427280,731.47,64,192.168.10.30,5005,
296,ok,1769499537.430178165,1769499537.430784702,2026-01-27T09:38:57.430178,2026-01-27T09:38:57.430785,606.54,64,192.168.10.30,5005,
297,ok,1769499537.433688164,1769499537.434336185,2026-01-27T09:38:57.433688,2026-01-27T09:38:57.434336,648.02,64,192.168.10.30,5005,
298,ok,1769499537.437191963,1769499537.437833548,2026-01-27T09:38:57.437192,2026-01-27T09:38:57.437834,641.58,64,192.168.10.30,5005,
299,ok,1769499537.440672159,1769499537.441265106,2026-01-27T09:38:57.440672,2026-01-27T09:38:57.441265,592.95,64,192.168.10.30,5005,
300,ok,1769499537.444086313,1769499537.444679976,2026-01-27T09:38:57.444086,2026-01-27T09:38:57.444680,593.66,64,192.168.10.30,5005,
301,ok,1769499537.447511435,1769499537.448136330,2026-01-27T09:38:57.447511,2026-01-27T09:38:57.448136,624.90,64,192.168.10.30,5005,
302,ok,1769499537.450975180,1769499537.451627493,2026-01-27T09:38:57.450975,2026-01-27T09:38:57.451627,652.31,64,192.168.10.30,5005,
303,ok,1769499537.454585791,1769499537.455243826,2026-01-27T09:38:57.454586,2026-01-27T09:38:57.455244,658.04,64,192.168.10.30,5005,
304,ok,1769499537.458199501,1769499537.458842039,2026-01-27T09:38:57.458200,2026-01-27T09:38:57.458842,642.54,64,192.168.10.30,5005,
305,ok,1769499537.461882830,1769499537.462616682,2026-01-27T09:38:57.461883,2026-01-27T09:38:57.462617,733.85,64,192.168.10.30,5005,
306,ok,1769499537.465563536,1769499537.466186047,2026-01-27T09:38:57.465564,2026-01-27T09:38:57.466186,622.51,64,192.168.10.30,5005,
307,ok,1769499537.469044924,1769499537.469659328,2026-01-27T09:38:57.469045,2026-01-27T09:38:57.469659,614.40,64,192.168.10.30,5005,
308,ok,1769499537.472511768,1769499537.473088503,2026-01-27T09:38:57.472512,2026-01-27T09:38:57.473089,576.73,64,192.168.10.30,5005,
309,ok,1769499537.475930929,1769499537.476515055,2026-01-27T09:38:57.475931,2026-01-27T09:38:57.476515,584.13,64,192.168.10.30,5005,
310,ok,1769499537.479323864,1769499537.479913950,2026-01-27T09:38:57.479324,2026-01-27T09:38:57.479914,590.09,64,192.168.10.30,5005,
311,ok,1769499537.482753992,1769499537.483368158,2026-01-27T09:38:57.482754,2026-01-27T09:38:57.483368,614.17,64,192.168.10.30,5005,
312,ok,1769499537.486187935,1769499537.486819029,2026-01-27T09:38:57.486188,2026-01-27T09:38:57.486819,631.09,64,192.168.10.30,5005,
313,ok,1769499537.489747763,1769499537.490434885,2026-01-27T09:38:57.489748,2026-01-27T09:38:57.490435,687.12,64,192.168.10.30,5005,
314,ok,1769499537.493407488,1769499537.494134426,2026-01-27T09:38:57.493407,2026-01-27T09:38:57.494134,726.94,64,192.168.10.30,5005,
315,ok,1769499537.497056961,1769499537.497706652,2026-01-27T09:38:57.497057,2026-01-27T09:38:57.497707,649.69,64,192.168.10.30,5005,
316,ok,1769499537.500561237,1769499537.501178980,2026-01-27T09:38:57.500561,2026-01-27T09:38:57.501179,617.74,64,192.168.10.30,5005,
317,ok,1769499537.504027843,1769499537.504624128,2026-01-27T09:38:57.504028,2026-01-27T09:38:57.504624,596.28,64,192.168.10.30,5005,
318,ok,1769499537.507446527,1769499537.508029938,2026-01-27T09:38:57.507447,2026-01-27T09:38:57.508030,583.41,64,192.168.10.30,5005,
319,ok,1769499537.510883331,1769499537.511481524,2026-01-27T09:38:57.510883,2026-01-27T09:38:57.511482,598.19,64,192.168.10.30,5005,
320,ok,1769499537.514327526,1769499537.514951468,2026-01-27T09:38:57.514328,2026-01-27T09:38:57.514951,623.94,64,192.168.10.30,5005,
321,ok,1769499537.517839193,1769499537.518450260,2026-01-27T09:38:57.517839,2026-01-27T09:38:57.518450,611.07,64,192.168.10.30,5005,
322,ok,1769499537.521286726,1769499537.521860600,2026-01-27T09:38:57.521287,2026-01-27T09:38:57.521861,573.87,64,192.168.10.30,5005,
323,ok,1769499537.524739742,1769499537.525393724,2026-01-27T09:38:57.524740,2026-01-27T09:38:57.525394,653.98,64,192.168.10.30,5005,
324,ok,1769499537.528372765,1769499537.529103518,2026-01-27T09:38:57.528373,2026-01-27T09:38:57.529104,730.75,64,192.168.10.30,5005,
325,ok,1769499537.532032728,1769499537.532652140,2026-01-27T09:38:57.532033,2026-01-27T09:38:57.532652,619.41,64,192.168.10.30,5005,
326,ok,1769499537.535506248,1769499537.536089182,2026-01-27T09:38:57.535506,2026-01-27T09:38:57.536089,582.93,64,192.168.10.30,5005,
327,ok,1769499537.538971424,1769499537.539598227,2026-01-27T09:38:57.538971,2026-01-27T09:38:57.539598,626.80,64,192.168.10.30,5005,
328,ok,1769499537.542421818,1769499537.542981386,2026-01-27T09:38:57.542422,2026-01-27T09:38:57.542981,559.57,64,192.168.10.30,5005,
329,ok,1769499537.545817614,1769499537.546356201,2026-01-27T09:38:57.545818,2026-01-27T09:38:57.546356,538.59,64,192.168.10.30,5005,
330,ok,1769499537.549228191,1769499537.549789190,2026-01-27T09:38:57.549228,2026-01-27T09:38:57.549789,561.00,64,192.168.10.30,5005,
331,ok,1769499537.552666903,1769499537.553280592,2026-01-27T09:38:57.552667,2026-01-27T09:38:57.553281,613.69,64,192.168.10.30,5005,
332,ok,1769499537.556160927,1769499537.556764126,2026-01-27T09:38:57.556161,2026-01-27T09:38:57.556764,603.20,64,192.168.10.30,5005,
333,ok,1769499537.559712410,1769499537.560352325,2026-01-27T09:38:57.559712,2026-01-27T09:38:57.560352,639.92,64,192.168.10.30,5005,
334,ok,1769499537.563272476,1769499537.563833952,2026-01-27T09:38:57.563272,2026-01-27T09:38:57.563834,561.48,64,192.168.10.30,5005,
335,ok,1769499537.566677570,1769499537.567231417,2026-01-27T09:38:57.566678,2026-01-27T09:38:57.567231,553.85,64,192.168.10.30,5005,
336,ok,1769499537.570083618,1769499537.570633888,2026-01-27T09:38:57.570084,2026-01-27T09:38:57.570634,550.27,64,192.168.10.30,5005,
337,ok,1769499537.573446989,1769499537.573976994,2026-01-27T09:38:57.573447,2026-01-27T09:38:57.573977,530.00,64,192.168.10.30,5005,
338,ok,1769499537.576787233,1769499537.577353001,2026-01-27T09:38:57.576787,2026-01-27T09:38:57.577353,565.77,64,192.168.10.30,5005,
339,ok,1769499537.580169916,1769499537.580734253,2026-01-27T09:38:57.580170,2026-01-27T09:38:57.580734,564.34,64,192.168.10.30,5005,
340,ok,1769499537.583613873,1769499537.584171295,2026-01-27T09:38:57.583614,2026-01-27T09:38:57.584171,557.42,64,192.168.10.30,5005,
341,ok,1769499537.587110758,1769499537.587711573,2026-01-27T09:38:57.587111,2026-01-27T09:38:57.587712,600.81,64,192.168.10.30,5005,
342,ok,1769499537.590625048,1769499537.591188431,2026-01-27T09:38:57.590625,2026-01-27T09:38:57.591188,563.38,64,192.168.10.30,5005,
343,ok,1769499537.594159126,1769499537.594846487,2026-01-27T09:38:57.594159,2026-01-27T09:38:57.594846,687.36,64,192.168.10.30,5005,
344,ok,1769499537.597843409,1769499537.598394394,2026-01-27T09:38:57.597843,2026-01-27T09:38:57.598394,550.99,64,192.168.10.30,5005,
345,ok,1769499537.601225615,1769499537.601801872,2026-01-27T09:38:57.601226,2026-01-27T09:38:57.601802,576.26,64,192.168.10.30,5005,
346,ok,1769499537.604684591,1769499537.605276346,2026-01-27T09:38:57.604685,2026-01-27T09:38:57.605276,591.75,64,192.168.10.30,5005,
347,ok,1769499537.608099222,1769499537.608660936,2026-01-27T09:38:57.608099,2026-01-27T09:38:57.608661,561.71,64,192.168.10.30,5005,
348,ok,1769499537.611461639,1769499537.612024784,2026-01-27T09:38:57.611462,2026-01-27T09:38:57.612025,563.14,64,192.168.10.30,5005,
349,ok,1769499537.614844084,1769499537.615453482,2026-01-27T09:38:57.614844,2026-01-27T09:38:57.615453,609.40,64,192.168.10.30,5005,
350,ok,1769499537.618303061,1769499537.618901968,2026-01-27T09:38:57.618303,2026-01-27T09:38:57.618902,598.91,64,192.168.10.30,5005,
351,ok,1769499537.621762991,1769499537.622317553,2026-01-27T09:38:57.621763,2026-01-27T09:38:57.622318,554.56,64,192.168.10.30,5005,
352,ok,1769499537.625209570,1769499537.625847816,2026-01-27T09:38:57.625210,2026-01-27T09:38:57.625848,638.25,64,192.168.10.30,5005,
353,ok,1769499537.628833771,1769499537.629444599,2026-01-27T09:38:57.628834,2026-01-27T09:38:57.629445,610.83,64,192.168.10.30,5005,
354,ok,1769499537.632339954,1769499537.632900715,2026-01-27T09:38:57.632340,2026-01-27T09:38:57.632901,560.76,64,192.168.10.30,5005,
355,ok,1769499537.635729074,1769499537.636273146,2026-01-27T09:38:57.635729,2026-01-27T09:38:57.636273,544.07,64,192.168.10.30,5005,
356,ok,1769499537.639053583,1769499537.639593840,2026-01-27T09:38:57.639054,2026-01-27T09:38:57.639594,540.26,64,192.168.10.30,5005,
357,ok,1769499537.642394781,1769499537.642918825,2026-01-27T09:38:57.642395,2026-01-27T09:38:57.642919,524.04,64,192.168.10.30,5005,
358,ok,1769499537.645734072,1769499537.646304846,2026-01-27T09:38:57.645734,2026-01-27T09:38:57.646305,570.77,64,192.168.10.30,5005,
359,ok,1769499537.649122000,1769499537.649681807,2026-01-27T09:38:57.649122,2026-01-27T09:38:57.649682,559.81,64,192.168.10.30,5005,
360,ok,1769499537.652557373,1769499537.653265715,2026-01-27T09:38:57.652557,2026-01-27T09:38:57.653266,708.34,64,192.168.10.30,5005,
361,ok,1769499537.656171799,1769499537.656754732,2026-01-27T09:38:57.656172,2026-01-27T09:38:57.656755,582.93,64,192.168.10.30,5005,
362,ok,1769499537.659625530,1769499537.660293579,2026-01-27T09:38:57.659626,2026-01-27T09:38:57.660294,668.05,64,192.168.10.30,5005,
363,ok,1769499537.663258314,1769499537.663902760,2026-01-27T09:38:57.663258,2026-01-27T09:38:57.663903,644.45,64,192.168.10.30,5005,
364,ok,1769499537.666798115,1769499537.667338133,2026-01-27T09:38:57.666798,2026-01-27T09:38:57.667338,540.02,64,192.168.10.30,5005,
365,ok,1769499537.670175552,1769499537.670737982,2026-01-27T09:38:57.670176,2026-01-27T09:38:57.670738,562.43,64,192.168.10.30,5005,
366,ok,1769499537.673601627,1769499537.674127340,2026-01-27T09:38:57.673602,2026-01-27T09:38:57.674127,525.71,64,192.168.10.30,5005,
367,ok,1769499537.676925421,1769499537.677478075,2026-01-27T09:38:57.676925,2026-01-27T09:38:57.677478,552.65,64,192.168.10.30,5005,
368,ok,1769499537.680293560,1769499537.680827856,2026-01-27T09:38:57.680294,2026-01-27T09:38:57.680828,534.30,64,192.168.10.30,5005,
369,ok,1769499537.683660030,1769499537.684244633,2026-01-27T09:38:57.683660,2026-01-27T09:38:57.684245,584.60,64,192.168.10.30,5005,
370,ok,1769499537.687069416,1769499537.687609673,2026-01-27T09:38:57.687069,2026-01-27T09:38:57.687610,540.26,64,192.168.10.30,5005,
371,ok,1769499537.690523624,1769499537.691148996,2026-01-27T09:38:57.690524,2026-01-27T09:38:57.691149,625.37,64,192.168.10.30,5005,
372,ok,1769499537.694008350,1769499537.694499493,2026-01-27T09:38:57.694008,2026-01-27T09:38:57.694499,491.14,64,192.168.10.30,5005,
373,ok,1769499537.697343588,1769499537.697894573,2026-01-27T09:38:57.697344,2026-01-27T09:38:57.697895,550.99,64,192.168.10.30,5005,
374,ok,1769499537.700697660,1769499537.701253176,2026-01-27T09:38:57.700698,2026-01-27T09:38:57.701253,555.52,64,192.168.10.30,5005,
375,ok,1769499537.704082966,1769499537.704649210,2026-01-27T09:38:57.704083,2026-01-27T09:38:57.704649,566.24,64,192.168.10.30,5005,
376,ok,1769499537.707451582,1769499537.708013773,2026-01-27T09:38:57.707452,2026-01-27T09:38:57.708014,562.19,64,192.168.10.30,5005,
377,ok,1769499537.710826397,1769499537.711371183,2026-01-27T09:38:57.710826,2026-01-27T09:38:57.711371,544.79,64,192.168.10.30,5005,
378,ok,1769499537.714198589,1769499537.714764118,2026-01-27T09:38:57.714199,2026-01-27T09:38:57.714764,565.53,64,192.168.10.30,5005,
379,ok,1769499537.717688084,1769499537.718305588,2026-01-27T09:38:57.717688,2026-01-27T09:38:57.718306,617.50,64,192.168.10.30,5005,
380,ok,1769499537.721257448,1769499537.721849680,2026-01-27T09:38:57.721257,2026-01-27T09:38:57.721850,592.23,64,192.168.10.30,5005,
381,ok,1769499537.724789619,1769499537.725428820,2026-01-27T09:38:57.724790,2026-01-27T09:38:57.725429,639.20,64,192.168.10.30,5005,
382,ok,1769499537.728411674,1769499537.729039192,2026-01-27T09:38:57.728412,2026-01-27T09:38:57.729039,627.52,64,192.168.10.30,5005,
383,ok,1769499537.731943130,1769499537.732516766,2026-01-27T09:38:57.731943,2026-01-27T09:38:57.732517,573.64,64,192.168.10.30,5005,
384,ok,1769499537.735312700,1769499537.735855579,2026-01-27T09:38:57.735313,2026-01-27T09:38:57.735856,542.88,64,192.168.10.30,5005,
385,ok,1769499537.738686800,1769499537.739253044,2026-01-27T09:38:57.738687,2026-01-27T09:38:57.739253,566.24,64,192.168.10.30,5005,
386,ok,1769499537.742059231,1769499537.742619276,2026-01-27T09:38:57.742059,2026-01-27T09:38:57.742619,560.05,64,192.168.10.30,5005,
387,ok,1769499537.745418549,1769499537.745956659,2026-01-27T09:38:57.745419,2026-01-27T09:38:57.745957,538.11,64,192.168.10.30,5005,
388,ok,1769499537.748780251,1769499537.749360800,2026-01-27T09:38:57.748780,2026-01-27T09:38:57.749361,580.55,64,192.168.10.30,5005,
389,ok,1769499537.752225637,1769499537.752765656,2026-01-27T09:38:57.752226,2026-01-27T09:38:57.752766,540.02,64,192.168.10.30,5005,
390,ok,1769499537.755633831,1769499537.756222010,2026-01-27T09:38:57.755634,2026-01-27T09:38:57.756222,588.18,64,192.168.10.30,5005,
391,ok,1769499537.759119034,1769499537.759802103,2026-01-27T09:38:57.759119,2026-01-27T09:38:57.759802,683.07,64,192.168.10.30,5005,
392,ok,1769499537.762748003,1769499537.763364315,2026-01-27T09:38:57.762748,2026-01-27T09:38:57.763364,616.31,64,192.168.10.30,5005,
393,ok,1769499537.766215086,1769499537.766790628,2026-01-27T09:38:57.766215,2026-01-27T09:38:57.766791,575.54,64,192.168.10.30,5005,
394,ok,1769499537.769664526,1769499537.770217180,2026-01-27T09:38:57.769665,2026-01-27T09:38:57.770217,552.65,64,192.168.10.30,5005,
395,ok,1769499537.773032427,1769499537.773574829,2026-01-27T09:38:57.773032,2026-01-27T09:38:57.773575,542.40,64,192.168.10.30,5005,
396,ok,1769499537.776403427,1769499537.776928186,2026-01-27T09:38:57.776403,2026-01-27T09:38:57.776928,524.76,64,192.168.10.30,5005,
397,ok,1769499537.779744148,1769499537.780280352,2026-01-27T09:38:57.779744,2026-01-27T09:38:57.780280,536.20,64,192.168.10.30,5005,
398,ok,1769499537.783086538,1769499537.783645868,2026-01-27T09:38:57.783087,2026-01-27T09:38:57.783646,559.33,64,192.168.10.30,5005,
399,ok,1769499537.786603928,1769499537.787197590,2026-01-27T09:38:57.786604,2026-01-27T09:38:57.787198,593.66,64,192.168.10.30,5005,
400,ok,1769499537.790100336,1769499537.790683985,2026-01-27T09:38:57.790100,2026-01-27T09:38:57.790684,583.65,64,192.168.10.30,5005,
401,ok,1769499537.793735981,1769499537.794425488,2026-01-27T09:38:57.793736,2026-01-27T09:38:57.794425,689.51,64,192.168.10.30,5005,
402,ok,1769499537.797363043,1769499537.797964096,2026-01-27T09:38:57.797363,2026-01-27T09:38:57.797964,601.05,64,192.168.10.30,5005,
403,ok,1769499537.800770044,1769499537.801332235,2026-01-27T09:38:57.800770,2026-01-27T09:38:57.801332,562.19,64,192.168.10.30,5005,
404,ok,1769499537.804176807,1769499537.804729700,2026-01-27T09:38:57.804177,2026-01-27T09:38:57.804730,552.89,64,192.168.10.30,5005,
405,ok,1769499537.807552814,1769499537.808104753,2026-01-27T09:38:57.807553,2026-01-27T09:38:57.808105,551.94,64,192.168.10.30,5005,
406,ok,1769499537.810945988,1769499537.811498642,2026-01-27T09:38:57.810946,2026-01-27T09:38:57.811499,552.65,64,192.168.10.30,5005,
407,ok,1769499537.814308882,1769499537.814902544,2026-01-27T09:38:57.814309,2026-01-27T09:38:57.814903,593.66,64,192.168.10.30,5005,
408,ok,1769499537.817746639,1769499537.818323612,2026-01-27T09:38:57.817747,2026-01-27T09:38:57.818324,576.97,64,192.168.10.30,5005,
409,ok,1769499537.821150541,1769499537.821681261,2026-01-27T09:38:57.821151,2026-01-27T09:38:57.821681,530.72,64,192.168.10.30,5005,
410,ok,1769499537.824580669,1769499537.825211287,2026-01-27T09:38:57.824581,2026-01-27T09:38:57.825211,630.62,64,192.168.10.30,5005,
411,ok,1769499537.828164577,1769499537.828772068,2026-01-27T09:38:57.828165,2026-01-27T09:38:57.828772,607.49,64,192.168.10.30,5005,
412,ok,1769499537.831633568,1769499537.832190275,2026-01-27T09:38:57.831634,2026-01-27T09:38:57.832190,556.71,64,192.168.10.30,5005,
413,ok,1769499537.834974766,1769499537.835499048,2026-01-27T09:38:57.834975,2026-01-27T09:38:57.835499,524.28,64,192.168.10.30,5005,
414,ok,1769499537.838291645,1769499537.838881254,2026-01-27T09:38:57.838292,2026-01-27T09:38:57.838881,589.61,64,192.168.10.30,5005,
415,ok,1769499537.841674805,1769499537.842197418,2026-01-27T09:38:57.841675,2026-01-27T09:38:57.842197,522.61,64,192.168.10.30,5005,
416,ok,1769499537.844993830,1769499537.845560074,2026-01-27T09:38:57.844994,2026-01-27T09:38:57.845560,566.24,64,192.168.10.30,5005,
417,ok,1769499537.848431110,1769499537.848988771,2026-01-27T09:38:57.848431,2026-01-27T09:38:57.848989,557.66,64,192.168.10.30,5005,
418,ok,1769499537.851823330,1769499537.852505207,2026-01-27T09:38:57.851823,2026-01-27T09:38:57.852505,681.88,64,192.168.10.30,5005,
419,ok,1769499537.855395079,1769499537.855971575,2026-01-27T09:38:57.855395,2026-01-27T09:38:57.855972,576.50,64,192.168.10.30,5005,
420,ok,1769499537.858905792,1769499537.859546900,2026-01-27T09:38:57.858906,2026-01-27T09:38:57.859547,641.11,64,192.168.10.30,5005,
421,ok,1769499537.862463474,1769499537.863066912,2026-01-27T09:38:57.862463,2026-01-27T09:38:57.863067,603.44,64,192.168.10.30,5005,
422,ok,1769499537.865934610,1769499537.866494656,2026-01-27T09:38:57.865935,2026-01-27T09:38:57.866495,560.05,64,192.168.10.30,5005,
423,ok,1769499537.869280577,1769499537.869853735,2026-01-27T09:38:57.869281,2026-01-27T09:38:57.869854,573.16,64,192.168.10.30,5005,
424,ok,1769499537.872651339,1769499537.873183727,2026-01-27T09:38:57.872651,2026-01-27T09:38:57.873184,532.39,64,192.168.10.30,5005,
425,ok,1769499537.875974178,1769499537.876487255,2026-01-27T09:38:57.875974,2026-01-27T09:38:57.876487,513.08,64,192.168.10.30,5005,
426,ok,1769499537.879290581,1769499537.879878283,2026-01-27T09:38:57.879291,2026-01-27T09:38:57.879878,587.70,64,192.168.10.30,5005,
427,ok,1769499537.882727623,1769499537.883297443,2026-01-27T09:38:57.882728,2026-01-27T09:38:57.883297,569.82,64,192.168.10.30,5005,
428,ok,1769499537.886266708,1769499537.886831284,2026-01-27T09:38:57.886267,2026-01-27T09:38:57.886831,564.58,64,192.168.10.30,5005,
429,ok,1769499537.889728069,1769499537.890342712,2026-01-27T09:38:57.889728,2026-01-27T09:38:57.890343,614.64,64,192.168.10.30,5005,
430,ok,1769499537.893272400,1769499537.893955231,2026-01-27T09:38:57.893272,2026-01-27T09:38:57.893955,682.83,64,192.168.10.30,5005,
431,ok,1769499537.896895647,1769499537.897484303,2026-01-27T09:38:57.896896,2026-01-27T09:38:57.897484,588.66,64,192.168.10.30,5005,
432,ok,1769499537.900353193,1769499537.900912523,2026-01-27T09:38:57.900353,2026-01-27T09:38:57.900913,559.33,64,192.168.10.30,5005,
433,ok,1769499537.903723240,1769499537.904250383,2026-01-27T09:38:57.903723,2026-01-27T09:38:57.904250,527.14,64,192.168.10.30,5005,
434,ok,1769499537.906977654,1769499537.907487154,2026-01-27T09:38:57.906978,2026-01-27T09:38:57.907487,509.50,64,192.168.10.30,5005,
435,ok,1769499537.910280228,1769499537.910796404,2026-01-27T09:38:57.910280,2026-01-27T09:38:57.910796,516.18,64,192.168.10.30,5005,
436,ok,1769499537.913636208,1769499537.914193392,2026-01-27T09:38:57.913636,2026-01-27T09:38:57.914193,557.18,64,192.168.10.30,5005,
437,ok,1769499537.917061090,1769499537.917778492,2026-01-27T09:38:57.917061,2026-01-27T09:38:57.917778,717.40,64,192.168.10.30,5005,
438,ok,1769499537.920799255,1769499537.921391726,2026-01-27T09:38:57.920799,2026-01-27T09:38:57.921392,592.47,64,192.168.10.30,5005,
439,ok,1769499537.924259663,1769499537.924825430,2026-01-27T09:38:57.924260,2026-01-27T09:38:57.924825,565.77,64,192.168.10.30,5005,
440,ok,1769499537.927776814,1769499537.928465366,2026-01-27T09:38:57.927777,2026-01-27T09:38:57.928465,688.55,64,192.168.10.30,5005,
441,ok,1769499537.931402445,1769499537.931990623,2026-01-27T09:38:57.931402,2026-01-27T09:38:57.931991,588.18,64,192.168.10.30,5005,
442,ok,1769499537.934832811,1769499537.935339689,2026-01-27T09:38:57.934833,2026-01-27T09:38:57.935340,506.88,64,192.168.10.30,5005,
443,ok,1769499537.938142776,1769499537.938698053,2026-01-27T09:38:57.938143,2026-01-27T09:38:57.938698,555.28,64,192.168.10.30,5005,
444,ok,1769499537.941479206,1769499537.941993475,2026-01-27T09:38:57.941479,2026-01-27T09:38:57.941993,514.27,64,192.168.10.30,5005,
445,ok,1769499537.944783926,1769499537.945314646,2026-01-27T09:38:57.944784,2026-01-27T09:38:57.945315,530.72,64,192.168.10.30,5005,
446,ok,1769499537.948121309,1769499537.948673964,2026-01-27T09:38:57.948121,2026-01-27T09:38:57.948674,552.65,64,192.168.10.30,5005,
447,ok,1769499537.951523781,1769499537.952131748,2026-01-27T09:38:57.951524,2026-01-27T09:38:57.952132,607.97,64,192.168.10.30,5005,
448,ok,1769499537.954993725,1769499537.955570221,2026-01-27T09:38:57.954994,2026-01-27T09:38:57.955570,576.50,64,192.168.10.30,5005,
449,ok,1769499537.958461046,1769499537.959086418,2026-01-27T09:38:57.958461,2026-01-27T09:38:57.959086,625.37,64,192.168.10.30,5005,
450,ok,1769499537.962047338,1769499537.962707281,2026-01-27T09:38:57.962047,2026-01-27T09:38:57.962707,659.94,64,192.168.10.30,5005,
451,ok,1769499537.965630770,1769499537.966169357,2026-01-27T09:38:57.965631,2026-01-27T09:38:57.966169,538.59,64,192.168.10.30,5005,
452,ok,1769499537.968956947,1769499537.969480991,2026-01-27T09:38:57.968957,2026-01-27T09:38:57.969481,524.04,64,192.168.10.30,5005,
453,ok,1769499537.972286224,1769499537.972802877,2026-01-27T09:38:57.972286,2026-01-27T09:38:57.972803,516.65,64,192.168.10.30,5005,
454,ok,1769499537.975595236,1769499537.976149082,2026-01-27T09:38:57.975595,2026-01-27T09:38:57.976149,553.85,64,192.168.10.30,5005,
455,ok,1769499537.978970051,1769499537.979534864,2026-01-27T09:38:57.978970,2026-01-27T09:38:57.979535,564.81,64,192.168.10.30,5005,
456,ok,1769499537.982359409,1769499537.982923508,2026-01-27T09:38:57.982359,2026-01-27T09:38:57.982924,564.10,64,192.168.10.30,5005,
457,ok,1769499537.985881805,1769499537.986473322,2026-01-27T09:38:57.985882,2026-01-27T09:38:57.986473,591.52,64,192.168.10.30,5005,
458,ok,1769499537.989446878,1769499537.990039110,2026-01-27T09:38:57.989447,2026-01-27T09:38:57.990039,592.23,64,192.168.10.30,5005,
459,ok,1769499537.992954969,1769499537.993580341,2026-01-27T09:38:57.992955,2026-01-27T09:38:57.993580,625.37,64,192.168.10.30,5005,
460,ok,1769499537.996517658,1769499537.997137308,2026-01-27T09:38:57.996518,2026-01-27T09:38:57.997137,619.65,64,192.168.10.30,5005,
461,ok,1769499538.000006676,1769499538.000524998,2026-01-27T09:38:58.000007,2026-01-27T09:38:58.000525,518.32,64,192.168.10.30,5005,
462,ok,1769499538.003357410,1769499538.003888369,2026-01-27T09:38:58.003357,2026-01-27T09:38:58.003888,530.96,64,192.168.10.30,5005,
463,ok,1769499538.006683826,1769499538.007212877,2026-01-27T09:38:58.006684,2026-01-27T09:38:58.007213,529.05,64,192.168.10.30,5005,
464,ok,1769499538.010003567,1769499538.010519981,2026-01-27T09:38:58.010004,2026-01-27T09:38:58.010520,516.41,64,192.168.10.30,5005,
465,ok,1769499538.013313055,1769499538.013859034,2026-01-27T09:38:58.013313,2026-01-27T09:38:58.013859,545.98,64,192.168.10.30,5005,
466,ok,1769499538.016692638,1769499538.017250776,2026-01-27T09:38:58.016693,2026-01-27T09:38:58.017251,558.14,64,192.168.10.30,5005,
467,ok,1769499538.020093679,1769499538.020693779,2026-01-27T09:38:58.020094,2026-01-27T09:38:58.020694,600.10,64,192.168.10.30,5005,
468,ok,1769499538.023567677,1769499538.024137974,2026-01-27T09:38:58.023568,2026-01-27T09:38:58.024138,570.30,64,192.168.10.30,5005,
469,ok,1769499538.027003765,1769499538.027641773,2026-01-27T09:38:58.027004,2026-01-27T09:38:58.027642,638.01,64,192.168.10.30,5005,
470,ok,1769499538.030627012,1769499538.031230927,2026-01-27T09:38:58.030627,2026-01-27T09:38:58.031231,603.91,64,192.168.10.30,5005,
471,ok,1769499538.034069538,1769499538.034636736,2026-01-27T09:38:58.034070,2026-01-27T09:38:58.034637,567.20,64,192.168.10.30,5005,
472,ok,1769499538.037431240,1769499538.037953138,2026-01-27T09:38:58.037431,2026-01-27T09:38:58.037953,521.90,64,192.168.10.30,5005,
473,ok,1769499538.040745735,1769499538.041273117,2026-01-27T09:38:58.040746,2026-01-27T09:38:58.041273,527.38,64,192.168.10.30,5005,
474,ok,1769499538.044065475,1769499538.044610262,2026-01-27T09:38:58.044065,2026-01-27T09:38:58.044610,544.79,64,192.168.10.30,5005,
475,ok,1769499538.047422409,1769499538.048005342,2026-01-27T09:38:58.047422,2026-01-27T09:38:58.048005,582.93,64,192.168.10.30,5005,
476,ok,1769499538.050886631,1769499538.051529408,2026-01-27T09:38:58.050887,2026-01-27T09:38:58.051529,642.78,64,192.168.10.30,5005,
477,ok,1769499538.054591656,1769499538.055178165,2026-01-27T09:38:58.054592,2026-01-27T09:38:58.055178,586.51,64,192.168.10.30,5005,
478,ok,1769499538.058051825,1769499538.058686733,2026-01-27T09:38:58.058052,2026-01-27T09:38:58.058687,634.91,64,192.168.10.30,5005,
479,ok,1769499538.061695337,1769499538.062392950,2026-01-27T09:38:58.061695,2026-01-27T09:38:58.062393,697.61,64,192.168.10.30,5005,
480,ok,1769499538.065296173,1769499538.065860510,2026-01-27T09:38:58.065296,2026-01-27T09:38:58.065861,564.34,64,192.168.10.30,5005,
481,ok,1769499538.068635225,1769499538.069185019,2026-01-27T09:38:58.068635,2026-01-27T09:38:58.069185,549.79,64,192.168.10.30,5005,
482,ok,1769499538.071986437,1769499538.072511196,2026-01-27T09:38:58.071986,2026-01-27T09:38:58.072511,524.76,64,192.168.10.30,5005,
483,ok,1769499538.075281382,1769499538.075797319,2026-01-27T09:38:58.075281,2026-01-27T09:38:58.075797,515.94,64,192.168.10.30,5005,
484,ok,1769499538.078589439,1769499538.079125643,2026-01-27T09:38:58.078589,2026-01-27T09:38:58.079126,536.20,64,192.168.10.30,5005,
485,ok,1769499538.081940651,1769499538.082505703,2026-01-27T09:38:58.081941,2026-01-27T09:38:58.082506,565.05,64,192.168.10.30,5005,
486,ok,1769499538.085367203,1769499538.086105108,2026-01-27T09:38:58.085367,2026-01-27T09:38:58.086105,737.91,64,192.168.10.30,5005,
487,ok,1769499538.088972330,1769499538.089542389,2026-01-27T09:38:58.088972,2026-01-27T09:38:58.089542,570.06,64,192.168.10.30,5005,
488,ok,1769499538.092432499,1769499538.093080521,2026-01-27T09:38:58.092432,2026-01-27T09:38:58.093081,648.02,64,192.168.10.30,5005,
489,ok,1769499538.096024752,1769499538.096652746,2026-01-27T09:38:58.096025,2026-01-27T09:38:58.096653,627.99,64,192.168.10.30,5005,
490,ok,1769499538.099504948,1769499538.100044250,2026-01-27T09:38:58.099505,2026-01-27T09:38:58.100044,539.30,64,192.168.10.30,5005,
491,ok,1769499538.102864265,1769499538.103421926,2026-01-27T09:38:58.102864,2026-01-27T09:38:58.103422,557.66,64,192.168.10.30,5005,
492,ok,1769499538.106216192,1769499538.106761694,2026-01-27T09:38:58.106216,2026-01-27T09:38:58.106762,545.50,64,192.168.10.30,5005,
493,ok,1769499538.109594584,1769499538.110120296,2026-01-27T09:38:58.109595,2026-01-27T09:38:58.110120,525.71,64,192.168.10.30,5005,
494,ok,1769499538.112908125,1769499538.113437653,2026-01-27T09:38:58.112908,2026-01-27T09:38:58.113438,529.53,64,192.168.10.30,5005,
495,ok,1769499538.116268873,1769499538.116871595,2026-01-27T09:38:58.116269,2026-01-27T09:38:58.116872,602.72,64,192.168.10.30,5005,
496,ok,1769499538.119745970,1769499538.120485783,2026-01-27T09:38:58.119746,2026-01-27T09:38:58.120486,739.81,64,192.168.10.30,5005,
497,ok,1769499538.123397350,1769499538.123970270,2026-01-27T09:38:58.123397,2026-01-27T09:38:58.123970,572.92,64,192.168.10.30,5005,
498,ok,1769499538.126883030,1769499538.127499819,2026-01-27T09:38:58.126883,2026-01-27T09:38:58.127500,616.79,64,192.168.10.30,5005,
499,ok,1769499538.130465508,1769499538.131124020,2026-01-27T09:38:58.130466,2026-01-27T09:38:58.131124,658.51,64,192.168.10.30,5005,
500,ok,1769499538.134027481,1769499538.134608746,2026-01-27T09:38:58.134027,2026-01-27T09:38:58.134609,581.26,64,192.168.10.30,5005,
