packet,recv_time_epoch,send_time_epoch,recv_time_iso,send_time_iso,processing_time_us,packet_size_bytes,from_ip,from_port
1,1769499453.328464985,1769499453.328644276,2026-01-27T09:37:33.328465,2026-01-27T09:37:33.328644,179.29,64,192.168.10.20,36879
2,1769499453.333524942,1769499453.333646774,2026-01-27T09:37:33.333525,2026-01-27T09:37:33.333647,121.83,64,192.168.10.20,36879
3,1769499453.338225365,1769499453.338320971,2026-01-27T09:37:33.338225,2026-01-27T09:37:33.338321,95.61,64,192.168.10.20,36879
4,1769499453.342689276,1769499453.342770576,2026-01-27T09:37:33.342689,2026-01-27T09:37:33.342771,81.30,64,192.168.10.20,36879
5,1769499453.347069979,1769499453.347154379,2026-01-27T09:37:33.347070,2026-01-27T09:37:33.347154,84.40,64,192.168.10.20,36879
6,1769499453.351459980,1769499453.351544619,2026-01-27T09:37:33.351460,2026-01-27T09:37:33.351545,84.64,64,192.168.10.20,36879
7,1769499453.355813265,1769499453.355895758,2026-01-27T09:37:33.355813,2026-01-27T09:37:33.355896,82.49,64,192.168.10.20,36879
8,1769499453.360170126,1769499453.360261917,2026-01-27T09:37:33.360170,2026-01-27T09:37:33.360262,91.79,64,192.168.10.20,36879
9,1769499453.364375114,1769499453.364458561,2026-01-27T09:37:33.364375,2026-01-27T09:37:33.364459,83.45,64,192.168.10.20,36879
10,1769499453.368560076,1769499453.368643761,2026-01-27T09:37:33.368560,2026-01-27T09:37:33.368644,83.68,64,192.168.10.20,36879
11,1769499453.372685909,1769499453.372766495,2026-01-27T09:37:33.372686,2026-01-27T09:37:33.372766,80.59,64,192.168.10.20,36879
12,1769499453.376809359,1769499453.376896858,2026-01-27T09:37:33.376809,2026-01-27T09:37:33.376897,87.50,64,192.168.10.20,36879
13,1769499453.380896091,1769499453.380984545,2026-01-27T09:37:33.380896,2026-01-27T09:37:33.380985,88.45,64,192.168.10.20,36879
14,1769499453.385024786,1769499453.385115862,2026-01-27T09:37:33.385025,2026-01-27T09:37:33.385116,91.08,64,192.168.10.20,36879
15,1769499453.389030933,1769499453.389111757,2026-01-27T09:37:33.389031,2026-01-27T09:37:33.389112,80.82,64,192.168.10.20,36879
16,1769499453.393065453,1769499453.393155336,2026-01-27T09:37:33.393065,2026-01-27T09:37:33.393155,89.88,64,192.168.10.20,36879
17,1769499453.397058487,1769499453.397164822,2026-01-27T09:37:33.397058,2026-01-27T09:37:33.397165,106.33,64,192.168.10.20,36879
18,1769499453.401059151,1769499453.401155233,2026-01-27T09:37:33.401059,2026-01-27T09:37:33.401155,96.08,64,192.168.10.20,36879
19,1769499453.404905319,1769499453.404993057,2026-01-27T09:37:33.404905,2026-01-27T09:37:33.404993,87.74,64,192.168.10.20,36879
20,1769499453.408737183,1769499453.408821344,2026-01-27T09:37:33.408737,2026-01-27T09:37:33.408821,84.16,64,192.168.10.20,36879
21,1769499453.412551403,1769499453.412634134,2026-01-27T09:37:33.412551,2026-01-27T09:37:33.412634,82.73,64,192.168.10.20,36879
22,1769499453.416288137,1769499453.416363478,2026-01-27T09:37:33.416288,2026-01-27T09:37:33.416363,75.34,64,192.168.10.20,36879
23,1769499453.419937849,1769499453.420021057,2026-01-27T09:37:33.419938,2026-01-27T09:37:33.420021,83.21,64,192.168.10.20,36879
24,1769499453.423597097,1769499453.423693895,2026-01-27T09:37:33.423597,2026-01-27T09:37:33.423694,96.80,64,192.168.10.20,36879
25,1769499453.427221298,1769499453.427313328,2026-01-27T09:37:33.427221,2026-01-27T09:37:33.427313,92.03,64,192.168.10.20,36879
26,1769499453.430675983,1769499453.430735350,2026-01-27T09:37:33.430676,2026-01-27T09:37:33.430735,59.37,64,192.168.10.20,36879
27,1769499453.434077024,1769499453.434134007,2026-01-27T09:37:33.434077,2026-01-27T09:37:33.434134,56.98,64,192.168.10.20,36879
28,1769499453.437426329,1769499453.437479496,2026-01-27T09:37:33.437426,2026-01-27T09:37:33.437479,53.17,64,192.168.10.20,36879
29,1769499453.440772772,1769499453.440837383,2026-01-27T09:37:33.440773,2026-01-27T09:37:33.440837,64.61,64,192.168.10.20,36879
30,1769499453.444232464,1769499453.444288015,2026-01-27T09:37:33.444232,2026-01-27T09:37:33.444288,55.55,64,192.168.10.20,36879
31,1769499453.447771311,1769499453.447828054,2026-01-27T09:37:33.447771,2026-01-27T09:37:33.447828,56.74,64,192.168.10.20,36879
32,1769499453.451349735,1769499453.451408863,2026-01-27T09:37:33.451350,2026-01-27T09:37:33.451409,59.13,64,192.168.10.20,36879
33,1769499453.454927206,1769499453.454991102,2026-01-27T09:37:33.454927,2026-01-27T09:37:33.454991,63.90,64,192.168.10.20,36879
34,1769499453.458426714,1769499453.458482742,2026-01-27T09:37:33.458427,2026-01-27T09:37:33.458483,56.03,64,192.168.10.20,36879
35,1769499453.461824417,1769499453.461880207,2026-01-27T09:37:33.461824,2026-01-27T09:37:33.461880,55.79,64,192.168.10.20,36879
36,1769499453.465247154,1769499453.465298653,2026-01-27T09:37:33.465247,2026-01-27T09:37:33.465299,51.50,64,192.168.10.20,36879
37,1769499453.468570948,1769499453.468624592,2026-01-27T09:37:33.468571,2026-01-27T09:37:33.468625,53.64,64,192.168.10.20,36879
38,1769499453.471938610,1769499453.471995831,2026-01-27T09:37:33.471939,2026-01-27T09:37:33.471996,57.22,64,192.168.10.20,36879
39,1769499453.475388050,1769499453.475448847,2026-01-27T09:37:33.475388,2026-01-27T09:37:33.475449,60.80,64,192.168.10.20,36879
40,1769499453.478919268,1769499453.478974104,2026-01-27T09:37:33.478919,2026-01-27T09:37:33.478974,54.84,64,192.168.10.20,36879
41,1769499453.482674122,1769499453.482726812,2026-01-27T09:37:33.482674,2026-01-27T09:37:33.482727,52.69,64,192.168.10.20,36879
42,1769499453.486673594,1769499453.486725092,2026-01-27T09:37:33.486674,2026-01-27T09:37:33.486725,51.50,64,192.168.10.20,36879
43,1769499453.490386248,1769499453.490439415,2026-01-27T09:37:33.490386,2026-01-27T09:37:33.490439,53.17,64,192.168.10.20,36879
44,1769499453.494024754,1769499453.494075298,2026-01-27T09:37:33.494025,2026-01-27T09:37:33.494075,50.54,64,192.168.10.20,36879
45,1769499453.497609138,1769499453.497665644,2026-01-27T09:37:33.497609,2026-01-27T09:37:33.497666,56.51,64,192.168.10.20,36879
46,1769499453.501093864,1769499453.501149893,2026-01-27T09:37:33.501094,2026-01-27T09:37:33.501150,56.03,64,192.168.10.20,36879
47,1769499453.504474163,1769499453.504531384,2026-01-27T09:37:33.504474,2026-01-27T09:37:33.504531,57.22,64,192.168.10.20,36879
48,1769499453.507860422,1769499453.507909298,2026-01-27T09:37:33.507860,2026-01-27T09:37:33.507909,48.88,64,192.168.10.20,36879
49,1769499453.511223555,1769499453.511280537,2026-01-27T09:37:33.511224,2026-01-27T09:37:33.511281,56.98,64,192.168.10.20,36879
50,1769499453.514543056,1769499453.514595032,2026-01-27T09:37:33.514543,2026-01-27T09:37:33.514595,51.98,64,192.168.10.20,36879
51,1769499453.518044710,1769499453.518095732,2026-01-27T09:37:33.518045,2026-01-27T09:37:33.518096,51.02,64,192.168.10.20,36879
52,1769499453.521625042,1769499453.521678448,2026-01-27T09:37:33.521625,2026-01-27T09:37:33.521678,53.41,64,192.168.10.20,36879
53,1769499453.525328398,1769499453.525385380,2026-01-27T09:37:33.525328,2026-01-27T09:37:33.525385,56.98,64,192.168.10.20,36879
54,1769499453.528925180,1769499453.528986692,2026-01-27T09:37:33.528925,2026-01-27T09:37:33.528987,61.51,64,192.168.10.20,36879
55,1769499453.532353878,1769499453.532413006,2026-01-27T09:37:33.532354,2026-01-27T09:37:33.532413,59.13,64,192.168.10.20,36879
56,1769499453.535748005,1769499453.535795689,2026-01-27T09:37:33.535748,2026-01-27T09:37:33.535796,47.68,64,192.168.10.20,36879
57,1769499453.539110661,1769499453.539170265,2026-01-27T09:37:33.539111,2026-01-27T09:37:33.539170,59.60,64,192.168.10.20,36879
58,1769499453.542419910,1769499453.542473316,2026-01-27T09:37:33.542420,2026-01-27T09:37:33.542473,53.41,64,192.168.10.20,36879
59,1769499453.545812845,1769499453.545868635,2026-01-27T09:37:33.545813,2026-01-27T09:37:33.545869,55.79,64,192.168.10.20,36879
60,1769499453.549259663,1769499453.549315691,2026-01-27T09:37:33.549260,2026-01-27T09:37:33.549316,56.03,64,192.168.10.20,36879
61,1769499453.552706718,1769499453.552764416,2026-01-27T09:37:33.552707,2026-01-27T09:37:33.552764,57.70,64,192.168.10.20,36879
62,1769499453.556269884,1769499453.556317091,2026-01-27T09:37:33.556270,2026-01-27T09:37:33.556317,47.21,64,192.168.10.20,36879
63,1769499453.559873343,1769499453.559927464,2026-01-27T09:37:33.559873,2026-01-27T09:37:33.559927,54.12,64,192.168.10.20,36879
64,1769499453.563416004,1769499453.563472033,2026-01-27T09:37:33.563416,2026-01-27T09:37:33.563472,56.03,64,192.168.10.20,36879
65,1769499453.566863537,1769499453.566915989,2026-01-27T09:37:33.566864,2026-01-27T09:37:33.566916,52.45,64,192.168.10.20,36879
66,1769499453.570264816,1769499453.570316792,2026-01-27T09:37:33.570265,2026-01-27T09:37:33.570317,51.98,64,192.168.10.20,36879
67,1769499453.573617220,1769499453.573669672,2026-01-27T09:37:33.573617,2026-01-27T09:37:33.573670,52.45,64,192.168.10.20,36879
68,1769499453.577009678,1769499453.577065945,2026-01-27T09:37:33.577010,2026-01-27T09:37:33.577066,56.27,64,192.168.10.20,36879
69,1769499453.580455542,1769499453.580511093,2026-01-27T09:37:33.580456,2026-01-27T09:37:33.580511,55.55,64,192.168.10.20,36879
70,1769499453.583942175,1769499453.583990574,2026-01-27T09:37:33.583942,2026-01-27T09:37:33.583991,48.40,64,192.168.10.20,36879
71,1769499453.587507963,1769499453.587557316,2026-01-27T09:37:33.587508,2026-01-27T09:37:33.587557,49.35,64,192.168.10.20,36879
72,1769499453.591116428,1769499453.591168880,2026-01-27T09:37:33.591116,2026-01-27T09:37:33.591169,52.45,64,192.168.10.20,36879
73,1769499453.594594002,1769499453.594646454,2026-01-27T09:37:33.594594,2026-01-27T09:37:33.594646,52.45,64,192.168.10.20,36879
74,1769499453.597990990,1769499453.598040819,2026-01-27T09:37:33.597991,2026-01-27T09:37:33.598041,49.83,64,192.168.10.20,36879
75,1769499453.601403952,1769499453.601452827,2026-01-27T09:37:33.601404,2026-01-27T09:37:33.601453,48.88,64,192.168.10.20,36879
76,1769499453.604737759,1769499453.604796410,2026-01-27T09:37:33.604738,2026-01-27T09:37:33.604796,58.65,64,192.168.10.20,36879
77,1769499453.608266592,1769499453.608318806,2026-01-27T09:37:33.608267,2026-01-27T09:37:33.608319,52.21,64,192.168.10.20,36879
78,1769499453.611865520,1769499453.611917734,2026-01-27T09:37:33.611866,2026-01-27T09:37:33.611918,52.21,64,192.168.10.20,36879
79,1769499453.615395069,1769499453.615444899,2026-01-27T09:37:33.615395,2026-01-27T09:37:33.615445,49.83,64,192.168.10.20,36879
80,1769499453.618964911,1769499453.619018555,2026-01-27T09:37:33.618965,2026-01-27T09:37:33.619019,53.64,64,192.168.10.20,36879
81,1769499453.622550249,1769499453.622599602,2026-01-27T09:37:33.622550,2026-01-27T09:37:33.622600,49.35,64,192.168.10.20,36879
82,1769499453.626323938,1769499453.626377106,2026-01-27T09:37:33.626324,2026-01-27T09:37:33.626377,53.17,64,192.168.10.20,36879
83,1769499453.629905224,1769499453.629954815,2026-01-27T09:37:33.629905,2026-01-27T09:37:33.629955,49.59,64,192.168.10.20,36879
84,1769499453.633273363,1769499453.633322477,2026-01-27T09:37:33.633273,2026-01-27T09:37:33.633322,49.11,64,192.168.10.20,36879
85,1769499453.636619091,1769499453.636671305,2026-01-27T09:37:33.636619,2026-01-27T09:37:33.636671,52.21,64,192.168.10.20,36879
86,1769499453.639973402,1769499453.640021563,2026-01-27T09:37:33.639973,2026-01-27T09:37:33.640022,48.16,64,192.168.10.20,36879
87,1769499453.643229723,1769499453.643284082,2026-01-27T09:37:33.643230,2026-01-27T09:37:33.643284,54.36,64,192.168.10.20,36879
88,1769499453.646507978,1769499453.646558523,2026-01-27T09:37:33.646508,2026-01-27T09:37:33.646559,50.54,64,192.168.10.20,36879
89,1769499453.649936199,1769499453.649987221,2026-01-27T09:37:33.649936,2026-01-27T09:37:33.649987,51.02,64,192.168.10.20,36879
90,1769499453.653421640,1769499453.653472662,2026-01-27T09:37:33.653422,2026-01-27T09:37:33.653473,51.02,64,192.168.10.20,36879
91,1769499453.656960487,1769499453.657018900,2026-01-27T09:37:33.656960,2026-01-27T09:37:33.657019,58.41,64,192.168.10.20,36879
92,1769499453.660563469,1769499453.660614967,2026-01-27T09:37:33.660563,2026-01-27T09:37:33.660615,51.50,64,192.168.10.20,36879
93,1769499453.664123535,1769499453.664173603,2026-01-27T09:37:33.664124,2026-01-27T09:37:33.664174,50.07,64,192.168.10.20,36879
94,1769499453.667557716,1769499453.667608976,2026-01-27T09:37:33.667558,2026-01-27T09:37:33.667609,51.26,64,192.168.10.20,36879
95,1769499453.670970678,1769499453.671021461,2026-01-27T09:37:33.670971,2026-01-27T09:37:33.671021,50.78,64,192.168.10.20,36879
96,1769499453.674392939,1769499453.674448490,2026-01-27T09:37:33.674393,2026-01-27T09:37:33.674448,55.55,64,192.168.10.20,36879
97,1769499453.677810431,1769499453.677862644,2026-01-27T09:37:33.677810,2026-01-27T09:37:33.677863,52.21,64,192.168.10.20,36879
98,1769499453.681299686,1769499453.681351900,2026-01-27T09:37:33.681300,2026-01-27T09:37:33.681352,52.21,64,192.168.10.20,36879
99,1769499453.684806108,1769499453.684860945,2026-01-27T09:37:33.684806,2026-01-27T09:37:33.684861,54.84,64,192.168.10.20,36879
100,1769499453.688375711,1769499453.688434362,2026-01-27T09:37:33.688376,2026-01-27T09:37:33.688434,58.65,64,192.168.10.20,36879
101,1769499453.692034960,1769499453.692085028,2026-01-27T09:37:33.692035,2026-01-27T09:37:33.692085,50.07,64,192.168.10.20,36879
102,1769499453.695586443,1769499453.695637226,2026-01-27T09:37:33.695586,2026-01-27T09:37:33.695637,50.78,64,192.168.10.20,36879
103,1769499453.698980808,1769499453.699030876,2026-01-27T09:37:33.698981,2026-01-27T09:37:33.699031,50.07,64,192.168.10.20,36879
104,1769499453.702415705,1769499453.702469110,2026-01-27T09:37:33.702416,2026-01-27T09:37:33.702469,53.41,64,192.168.10.20,36879
105,1769499453.705740452,1769499453.705831528,2026-01-27T09:37:33.705740,2026-01-27T09:37:33.705832,91.08,64,192.168.10.20,36879
106,1769499453.709091425,1769499453.709142685,2026-01-27T09:37:33.709091,2026-01-27T09:37:33.709143,51.26,64,192.168.10.20,36879
107,1769499453.712498188,1769499453.712567091,2026-01-27T09:37:33.712498,2026-01-27T09:37:33.712567,68.90,64,192.168.10.20,36879
108,1769499453.715990305,1769499453.716043711,2026-01-27T09:37:33.715990,2026-01-27T09:37:33.716044,53.41,64,192.168.10.20,36879
109,1769499453.719464302,1769499453.719515562,2026-01-27T09:37:33.719464,2026-01-27T09:37:33.719516,51.26,64,192.168.10.20,36879
110,1769499453.723091602,1769499453.723141432,2026-01-27T09:37:33.723092,2026-01-27T09:37:33.723141,49.83,64,192.168.10.20,36879
111,1769499453.726615906,1769499453.726666212,2026-01-27T09:37:33.726616,2026-01-27T09:37:33.726666,50.31,64,192.168.10.20,36879
112,1769499453.729998112,1769499453.730049133,2026-01-27T09:37:33.729998,2026-01-27T09:37:33.730049,51.02,64,192.168.10.20,36879
113,1769499453.733394384,1769499453.733443737,2026-01-27T09:37:33.733394,2026-01-27T09:37:33.733444,49.35,64,192.168.10.20,36879
114,1769499453.736733437,1769499453.736791134,2026-01-27T09:37:33.736733,2026-01-27T09:37:33.736791,57.70,64,192.168.10.20,36879
115,1769499453.740005732,1769499453.740056276,2026-01-27T09:37:33.740006,2026-01-27T09:37:33.740056,50.54,64,192.168.10.20,36879
116,1769499453.743331432,1769499453.743382931,2026-01-27T09:37:33.743331,2026-01-27T09:37:33.743383,51.50,64,192.168.10.20,36879
117,1769499453.746753931,1769499453.746803284,2026-01-27T09:37:33.746754,2026-01-27T09:37:33.746803,49.35,64,192.168.10.20,36879
118,1769499453.750205994,1769499453.750257254,2026-01-27T09:37:33.750206,2026-01-27T09:37:33.750257,51.26,64,192.168.10.20,36879
119,1769499453.753836632,1769499453.753892660,2026-01-27T09:37:33.753837,2026-01-27T09:37:33.753893,56.03,64,192.168.10.20,36879
120,1769499453.757556200,1769499453.757605553,2026-01-27T09:37:33.757556,2026-01-27T09:37:33.757606,49.35,64,192.168.10.20,36879
121,1769499453.761029959,1769499453.761087656,2026-01-27T09:37:33.761030,2026-01-27T09:37:33.761088,57.70,64,192.168.10.20,36879
122,1769499453.764416456,1769499453.764472485,2026-01-27T09:37:33.764416,2026-01-27T09:37:33.764472,56.03,64,192.168.10.20,36879
123,1769499453.767747402,1769499453.767797232,2026-01-27T09:37:33.767747,2026-01-27T09:37:33.767797,49.83,64,192.168.10.20,36879
124,1769499453.771037340,1769499453.771088362,2026-01-27T09:37:33.771037,2026-01-27T09:37:33.771088,51.02,64,192.168.10.20,36879
125,1769499453.774374247,1769499453.774423361,2026-01-27T09:37:33.774374,2026-01-27T09:37:33.774423,49.11,64,192.168.10.20,36879
126,1769499453.777806997,1769499453.777859211,2026-01-27T09:37:33.777807,2026-01-27T09:37:33.777859,52.21,64,192.168.10.20,36879
127,1769499453.781299829,1769499453.781355619,2026-01-27T09:37:33.781300,2026-01-27T09:37:33.781356,55.79,64,192.168.10.20,36879
128,1769499453.784868002,1769499453.784923792,2026-01-27T09:37:33.784868,2026-01-27T09:37:33.784924,55.79,64,192.168.10.20,36879
129,1769499453.788535118,1769499453.788584471,2026-01-27T09:37:33.788535,2026-01-27T09:37:33.788584,49.35,64,192.168.10.20,36879
130,1769499453.791991949,1769499453.792039156,2026-01-27T09:37:33.791992,2026-01-27T09:37:33.792039,47.21,64,192.168.10.20,36879
131,1769499453.795375824,1769499453.795426846,2026-01-27T09:37:33.795376,2026-01-27T09:37:33.795427,51.02,64,192.168.10.20,36879
132,1769499453.798708200,1769499453.798759222,2026-01-27T09:37:33.798708,2026-01-27T09:37:33.798759,51.02,64,192.168.10.20,36879
133,1769499453.801991463,1769499453.802043676,2026-01-27T09:37:33.801991,2026-01-27T09:37:33.802044,52.21,64,192.168.10.20,36879
134,1769499453.805316687,1769499453.805366278,2026-01-27T09:37:33.805317,2026-01-27T09:37:33.805366,49.59,64,192.168.10.20,36879
135,1769499453.808772326,1769499453.808835983,2026-01-27T09:37:33.808772,2026-01-27T09:37:33.808836,63.66,64,192.168.10.20,36879
136,1769499453.812273979,1769499453.812324286,2026-01-27T09:37:33.812274,2026-01-27T09:37:33.812324,50.31,64,192.168.10.20,36879
137,1769499453.815749168,1769499453.815800667,2026-01-27T09:37:33.815749,2026-01-27T09:37:33.815801,51.50,64,192.168.10.20,36879
138,1769499453.819375753,1769499453.819431782,2026-01-27T09:37:33.819376,2026-01-27T09:37:33.819432,56.03,64,192.168.10.20,36879
139,1769499453.822921991,1769499453.822974920,2026-01-27T09:37:33.822922,2026-01-27T09:37:33.822975,52.93,64,192.168.10.20,36879
140,1769499453.826533794,1769499453.826589108,2026-01-27T09:37:33.826534,2026-01-27T09:37:33.826589,55.31,64,192.168.10.20,36879
141,1769499453.830070496,1769499453.830120802,2026-01-27T09:37:33.830070,2026-01-27T09:37:33.830121,50.31,64,192.168.10.20,36879
142,1769499453.833492517,1769499453.833544493,2026-01-27T09:37:33.833493,2026-01-27T09:37:33.833544,51.98,64,192.168.10.20,36879
143,1769499453.836902380,1769499453.836954832,2026-01-27T09:37:33.836902,2026-01-27T09:37:33.836955,52.45,64,192.168.10.20,36879
144,1769499453.840291262,1769499453.840340853,2026-01-27T09:37:33.840291,2026-01-27T09:37:33.840341,49.59,64,192.168.10.20,36879
145,1769499453.843673229,1769499453.843724251,2026-01-27T09:37:33.843673,2026-01-27T09:37:33.843724,51.02,64,192.168.10.20,36879
146,1769499453.847104549,1769499453.847154379,2026-01-27T09:37:33.847105,2026-01-27T09:37:33.847154,49.83,64,192.168.10.20,36879
147,1769499453.850514889,1769499453.850564003,2026-01-27T09:37:33.850515,2026-01-27T09:37:33.850564,49.11,64,192.168.10.20,36879
148,1769499453.854005575,1769499453.854053736,2026-01-27T09:37:33.854006,2026-01-27T09:37:33.854054,48.16,64,192.168.10.20,36879
149,1769499453.857551575,1769499453.857599020,2026-01-27T09:37:33.857552,2026-01-27T09:37:33.857599,47.45,64,192.168.10.20,36879
150,1769499453.861147881,1769499453.861201763,2026-01-27T09:37:33.861148,2026-01-27T09:37:33.861202,53.88,64,192.168.10.20,36879
151,1769499453.864536762,1769499453.864592552,2026-01-27T09:37:33.864537,2026-01-27T09:37:33.864593,55.79,64,192.168.10.20,36879
152,1769499453.867886543,1769499453.867935419,2026-01-27T09:37:33.867887,2026-01-27T09:37:33.867935,48.88,64,192.168.10.20,36879
153,1769499453.871155262,1769499453.871204615,2026-01-27T09:37:33.871155,2026-01-27T09:37:33.871205,49.35,64,192.168.10.20,36879
154,1769499453.874490976,1769499453.874542236,2026-01-27T09:37:33.874491,2026-01-27T09:37:33.874542,51.26,64,192.168.10.20,36879
155,1769499453.877906322,1769499453.877955437,2026-01-27T09:37:33.877906,2026-01-27T09:37:33.877955,49.11,64,192.168.10.20,36879
156,1769499453.881424904,1769499453.881474495,2026-01-27T09:37:33.881425,2026-01-27T09:37:33.881474,49.59,64,192.168.10.20,36879
157,1769499453.884965420,1769499453.885020256,2026-01-27T09:37:33.884965,2026-01-27T09:37:33.885020,54.84,64,192.168.10.20,36879
158,1769499453.888549328,1769499453.888602257,2026-01-27T09:37:33.888549,2026-01-27T09:37:33.888602,52.93,64,192.168.10.20,36879
159,1769499453.892081261,1769499453.892141819,2026-01-27T09:37:33.892081,2026-01-27T09:37:33.892142,60.56,64,192.168.10.20,36879
160,1769499453.895469666,1769499453.895525455,2026-01-27T09:37:33.895470,2026-01-27T09:37:33.895525,55.79,64,192.168.10.20,36879
161,1769499453.898837328,1769499453.898888350,2026-01-27T09:37:33.898837,2026-01-27T09:37:33.898888,51.02,64,192.168.10.20,36879
162,1769499453.902122736,1769499453.902172327,2026-01-27T09:37:33.902123,2026-01-27T09:37:33.902172,49.59,64,192.168.10.20,36879
163,1769499453.905472279,1769499453.905533552,2026-01-27T09:37:33.905472,2026-01-27T09:37:33.905534,61.27,64,192.168.10.20,36879
164,1769499453.908850193,1769499453.908910036,2026-01-27T09:37:33.908850,2026-01-27T09:37:33.908910,59.84,64,192.168.10.20,36879
165,1769499453.912329912,1769499453.912381172,2026-01-27T09:37:33.912330,2026-01-27T09:37:33.912381,51.26,64,192.168.10.20,36879
166,1769499453.915844679,1769499453.915898085,2026-01-27T09:37:33.915845,2026-01-27T09:37:33.915898,53.41,64,192.168.10.20,36879
167,1769499453.919449806,1769499453.919507027,2026-01-27T09:37:33.919450,2026-01-27T09:37:33.919507,57.22,64,192.168.10.20,36879
168,1769499453.923029184,1769499453.923081875,2026-01-27T09:37:33.923029,2026-01-27T09:37:33.923082,52.69,64,192.168.10.20,36879
169,1769499453.926406384,1769499453.926458359,2026-01-27T09:37:33.926406,2026-01-27T09:37:33.926458,51.98,64,192.168.10.20,36879
170,1769499453.929810286,1769499453.929863930,2026-01-27T09:37:33.929810,2026-01-27T09:37:33.929864,53.64,64,192.168.10.20,36879
171,1769499453.933191061,1769499453.933239698,2026-01-27T09:37:33.933191,2026-01-27T09:37:33.933240,48.64,64,192.168.10.20,36879
172,1769499453.936476231,1769499453.936527729,2026-01-27T09:37:33.936476,2026-01-27T09:37:33.936528,51.50,64,192.168.10.20,36879
173,1769499453.939843178,1769499453.939889908,2026-01-27T09:37:33.939843,2026-01-27T09:37:33.939890,46.73,64,192.168.10.20,36879
174,1769499453.943309069,1769499453.943358660,2026-01-27T09:37:33.943309,2026-01-27T09:37:33.943359,49.59,64,192.168.10.20,36879
175,1769499453.946724892,1769499453.946777821,2026-01-27T09:37:33.946725,2026-01-27T09:37:33.946778,52.93,64,192.168.10.20,36879
176,1769499453.950134039,1769499453.950185537,2026-01-27T09:37:33.950134,2026-01-27T09:37:33.950186,51.50,64,192.168.10.20,36879
177,1769499453.953556538,1769499453.953606367,2026-01-27T09:37:33.953557,2026-01-27T09:37:33.953606,49.83,64,192.168.10.20,36879
178,1769499453.957009077,1769499453.957067013,2026-01-27T09:37:33.957009,2026-01-27T09:37:33.957067,57.94,64,192.168.10.20,36879
179,1769499453.960660219,1769499453.960718155,2026-01-27T09:37:33.960660,2026-01-27T09:37:33.960718,57.94,64,192.168.10.20,36879
180,1769499453.964195490,1769499453.964245796,2026-01-27T09:37:33.964195,2026-01-27T09:37:33.964246,50.31,64,192.168.10.20,36879
181,1769499453.967595816,1769499453.967643976,2026-01-27T09:37:33.967596,2026-01-27T09:37:33.967644,48.16,64,192.168.10.20,36879
182,1769499453.970997095,1769499453.971044540,2026-01-27T09:37:33.970997,2026-01-27T09:37:33.971045,47.45,64,192.168.10.20,36879
183,1769499453.974377632,1769499453.974425554,2026-01-27T09:37:33.974378,2026-01-27T09:37:33.974426,47.92,64,192.168.10.20,36879
184,1769499453.977782011,1769499453.977834940,2026-01-27T09:37:33.977782,2026-01-27T09:37:33.977835,52.93,64,192.168.10.20,36879
185,1769499453.981245041,1769499453.981292725,2026-01-27T09:37:33.981245,2026-01-27T09:37:33.981293,47.68,64,192.168.10.20,36879
186,1769499453.984621048,1769499453.984675407,2026-01-27T09:37:33.984621,2026-01-27T09:37:33.984675,54.36,64,192.168.10.20,36879
187,1769499453.988123178,1769499453.988173008,2026-01-27T09:37:33.988123,2026-01-27T09:37:33.988173,49.83,64,192.168.10.20,36879
188,1769499453.991801023,1769499453.991856098,2026-01-27T09:37:33.991801,2026-01-27T09:37:33.991856,55.07,64,192.168.10.20,36879
189,1769499453.995384932,1769499453.995435476,2026-01-27T09:37:33.995385,2026-01-27T09:37:33.995435,50.54,64,192.168.10.20,36879
190,1769499453.998819828,1769499453.998873711,2026-01-27T09:37:33.998820,2026-01-27T09:37:33.998874,53.88,64,192.168.10.20,36879
191,1769499454.002327919,1769499454.002377510,2026-01-27T09:37:34.002328,2026-01-27T09:37:34.002378,49.59,64,192.168.10.20,36879
192,1769499454.005786896,1769499454.005845308,2026-01-27T09:37:34.005787,2026-01-27T09:37:34.005845,58.41,64,192.168.10.20,36879
193,1769499454.009219170,1769499454.009266853,2026-01-27T09:37:34.009219,2026-01-27T09:37:34.009267,47.68,64,192.168.10.20,36879
194,1769499454.012643099,1769499454.012702465,2026-01-27T09:37:34.012643,2026-01-27T09:37:34.012702,59.37,64,192.168.10.20,36879
195,1769499454.016034365,1769499454.016085386,2026-01-27T09:37:34.016034,2026-01-27T09:37:34.016085,51.02,64,192.168.10.20,36879
196,1769499454.019687891,1769499454.019737005,2026-01-27T09:37:34.019688,2026-01-27T09:37:34.019737,49.11,64,192.168.10.20,36879
197,1769499454.023328781,1769499454.023375034,2026-01-27T09:37:34.023329,2026-01-27T09:37:34.023375,46.25,64,192.168.10.20,36879
198,1769499454.026808023,1769499454.026854753,2026-01-27T09:37:34.026808,2026-01-27T09:37:34.026855,46.73,64,192.168.10.20,36879
199,1769499454.030221939,1769499454.030272484,2026-01-27T09:37:34.030222,2026-01-27T09:37:34.030272,50.54,64,192.168.10.20,36879
200,1769499454.033658743,1769499454.033710480,2026-01-27T09:37:34.033659,2026-01-27T09:37:34.033710,51.74,64,192.168.10.20,36879
201,1769499454.037086248,1769499454.037138939,2026-01-27T09:37:34.037086,2026-01-27T09:37:34.037139,52.69,64,192.168.10.20,36879
202,1769499454.040496349,1769499454.040553331,2026-01-27T09:37:34.040496,2026-01-27T09:37:34.040553,56.98,64,192.168.10.20,36879
203,1769499454.043908358,1769499454.043956995,2026-01-27T09:37:34.043908,2026-01-27T09:37:34.043957,48.64,64,192.168.10.20,36879
204,1769499454.047325134,1769499454.047374249,2026-01-27T09:37:34.047325,2026-01-27T09:37:34.047374,49.11,64,192.168.10.20,36879
205,1769499454.050949574,1769499454.051002741,2026-01-27T09:37:34.050950,2026-01-27T09:37:34.051003,53.17,64,192.168.10.20,36879
206,1769499454.054399729,1769499454.054454803,2026-01-27T09:37:34.054400,2026-01-27T09:37:34.054455,55.07,64,192.168.10.20,36879
207,1769499454.058098078,1769499454.058147430,2026-01-27T09:37:34.058098,2026-01-27T09:37:34.058147,49.35,64,192.168.10.20,36879
208,1769499454.061710119,1769499454.061823845,2026-01-27T09:37:34.061710,2026-01-27T09:37:34.061824,113.73,64,192.168.10.20,36879
209,1769499454.065289974,1769499454.065346479,2026-01-27T09:37:34.065290,2026-01-27T09:37:34.065346,56.51,64,192.168.10.20,36879
210,1769499454.068773031,1769499454.068828821,2026-01-27T09:37:34.068773,2026-01-27T09:37:34.068829,55.79,64,192.168.10.20,36879
211,1769499454.072212934,1769499454.072262764,2026-01-27T09:37:34.072213,2026-01-27T09:37:34.072263,49.83,64,192.168.10.20,36879
212,1769499454.075652122,1769499454.075703382,2026-01-27T09:37:34.075652,2026-01-27T09:37:34.075703,51.26,64,192.168.10.20,36879
213,1769499454.079061985,1769499454.079113245,2026-01-27T09:37:34.079062,2026-01-27T09:37:34.079113,51.26,64,192.168.10.20,36879
214,1769499454.082458735,1769499454.082507849,2026-01-27T09:37:34.082459,2026-01-27T09:37:34.082508,49.11,64,192.168.10.20,36879
215,1769499454.085928679,1769499454.085980654,2026-01-27T09:37:34.085929,2026-01-27T09:37:34.085981,51.98,64,192.168.10.20,36879
216,1769499454.089623451,1769499454.089671373,2026-01-27T09:37:34.089623,2026-01-27T09:37:34.089671,47.92,64,192.168.10.20,36879
217,1769499454.093270302,1769499454.093323469,2026-01-27T09:37:34.093270,2026-01-27T09:37:34.093323,53.17,64,192.168.10.20,36879
218,1769499454.096755266,1769499454.096814156,2026-01-27T09:37:34.096755,2026-01-27T09:37:34.096814,58.89,64,192.168.10.20,36879
219,1769499454.100211382,1769499454.100264788,2026-01-27T09:37:34.100211,2026-01-27T09:37:34.100265,53.41,64,192.168.10.20,36879
220,1769499454.103652954,1769499454.103703260,2026-01-27T09:37:34.103653,2026-01-27T09:37:34.103703,50.31,64,192.168.10.20,36879
221,1769499454.107031584,1769499454.107082605,2026-01-27T09:37:34.107032,2026-01-27T09:37:34.107083,51.02,64,192.168.10.20,36879
222,1769499454.110458612,1769499454.110512495,2026-01-27T09:37:34.110459,2026-01-27T09:37:34.110512,53.88,64,192.168.10.20,36879
223,1769499454.113899231,1769499454.113951683,2026-01-27T09:37:34.113899,2026-01-27T09:37:34.113952,52.45,64,192.168.10.20,36879
224,1769499454.117362022,1769499454.117412090,2026-01-27T09:37:34.117362,2026-01-27T09:37:34.117412,50.07,64,192.168.10.20,36879
225,1769499454.120995998,1769499454.121051550,2026-01-27T09:37:34.120996,2026-01-27T09:37:34.121052,55.55,64,192.168.10.20,36879
226,1769499454.124518156,1769499454.124571085,2026-01-27T09:37:34.124518,2026-01-27T09:37:34.124571,52.93,64,192.168.10.20,36879
227,1769499454.127959728,1769499454.128008366,2026-01-27T09:37:34.127960,2026-01-27T09:37:34.128008,48.64,64,192.168.10.20,36879
228,1769499454.131432295,1769499454.131483793,2026-01-27T09:37:34.131432,2026-01-27T09:37:34.131484,51.50,64,192.168.10.20,36879
229,1769499454.134846687,1769499454.134897709,2026-01-27T09:37:34.134847,2026-01-27T09:37:34.134898,51.02,64,192.168.10.20,36879
230,1769499454.138241529,1769499454.138296366,2026-01-27T09:37:34.138242,2026-01-27T09:37:34.138296,54.84,64,192.168.10.20,36879
231,1769499454.141640663,1769499454.141688824,2026-01-27T09:37:34.141641,2026-01-27T09:37:34.141689,48.16,64,192.168.10.20,36879
232,1769499454.145129204,1769499454.145185232,2026-01-27T09:37:34.145129,2026-01-27T09:37:34.145185,56.03,64,192.168.10.20,36879
233,1769499454.148665428,1769499454.148728848,2026-01-27T09:37:34.148665,2026-01-27T09:37:34.148729,63.42,64,192.168.10.20,36879
234,1769499454.152522326,1769499454.152574301,2026-01-27T09:37:34.152522,2026-01-27T09:37:34.152574,51.98,64,192.168.10.20,36879
235,1769499454.156058550,1769499454.156108618,2026-01-27T09:37:34.156059,2026-01-27T09:37:34.156109,50.07,64,192.168.10.20,36879
236,1769499454.159715652,1769499454.159768581,2026-01-27T09:37:34.159716,2026-01-27T09:37:34.159769,52.93,64,192.168.10.20,36879
237,1769499454.163304806,1769499454.163359642,2026-01-27T09:37:34.163305,2026-01-27T09:37:34.163360,54.84,64,192.168.10.20,36879
238,1769499454.166770458,1769499454.166818619,2026-01-27T09:37:34.166770,2026-01-27T09:37:34.166819,48.16,64,192.168.10.20,36879
239,1769499454.170233965,1769499454.170285940,2026-01-27T09:37:34.170234,2026-01-27T09:37:34.170286,51.98,64,192.168.10.20,36879
240,1769499454.173655748,1769499454.173701048,2026-01-27T09:37:34.173656,2026-01-27T09:37:34.173701,45.30,64,192.168.10.20,36879
241,1769499454.177114725,1769499454.177170277,2026-01-27T09:37:34.177115,2026-01-27T09:37:34.177170,55.55,64,192.168.10.20,36879
242,1769499454.180504560,1769499454.180560827,2026-01-27T09:37:34.180505,2026-01-27T09:37:34.180561,56.27,64,192.168.10.20,36879
243,1769499454.183924437,1769499454.183975935,2026-01-27T09:37:34.183924,2026-01-27T09:37:34.183976,51.50,64,192.168.10.20,36879
244,1769499454.187426805,1769499454.187478542,2026-01-27T09:37:34.187427,2026-01-27T09:37:34.187479,51.74,64,192.168.10.20,36879
245,1769499454.191064119,1769499454.191117525,2026-01-27T09:37:34.191064,2026-01-27T09:37:34.191118,53.41,64,192.168.10.20,36879
246,1769499454.194576502,1769499454.194631100,2026-01-27T09:37:34.194577,2026-01-27T09:37:34.194631,54.60,64,192.168.10.20,36879
247,1769499454.198057413,1769499454.198107243,2026-01-27T09:37:34.198057,2026-01-27T09:37:34.198107,49.83,64,192.168.10.20,36879
248,1769499454.201526880,1769499454.201578140,2026-01-27T09:37:34.201527,2026-01-27T09:37:34.201578,51.26,64,192.168.10.20,36879
249,1769499454.204885006,1769499454.204941511,2026-01-27T09:37:34.204885,2026-01-27T09:37:34.204942,56.51,64,192.168.10.20,36879
250,1769499454.208293438,1769499454.208346367,2026-01-27T09:37:34.208293,2026-01-27T09:37:34.208346,52.93,64,192.168.10.20,36879
251,1769499454.211707830,1769499454.211759090,2026-01-27T09:37:34.211708,2026-01-27T09:37:34.211759,51.26,64,192.168.10.20,36879
252,1769499454.215180397,1769499454.215238810,2026-01-27T09:37:34.215180,2026-01-27T09:37:34.215239,58.41,64,192.168.10.20,36879
253,1769499454.218839407,1769499454.218905926,2026-01-27T09:37:34.218839,2026-01-27T09:37:34.218906,66.52,64,192.168.10.20,36879
254,1769499454.222541332,1769499454.222594738,2026-01-27T09:37:34.222541,2026-01-27T09:37:34.222595,53.41,64,192.168.10.20,36879
255,1769499454.226027250,1769499454.226075411,2026-01-27T09:37:34.226027,2026-01-27T09:37:34.226075,48.16,64,192.168.10.20,36879
256,1769499454.229451895,1769499454.229498863,2026-01-27T09:37:34.229452,2026-01-27T09:37:34.229499,46.97,64,192.168.10.20,36879
257,1769499454.232847929,1769499454.232905149,2026-01-27T09:37:34.232848,2026-01-27T09:37:34.232905,57.22,64,192.168.10.20,36879
258,1769499454.236220121,1769499454.236275196,2026-01-27T09:37:34.236220,2026-01-27T09:37:34.236275,55.07,64,192.168.10.20,36879
259,1769499454.239574671,1769499454.239628315,2026-01-27T09:37:34.239575,2026-01-27T09:37:34.239628,53.64,64,192.168.10.20,36879
260,1769499454.242983580,1769499454.243034363,2026-01-27T09:37:34.242984,2026-01-27T09:37:34.243034,50.78,64,192.168.10.20,36879
261,1769499454.246544838,1769499454.246592283,2026-01-27T09:37:34.246545,2026-01-27T09:37:34.246592,47.45,64,192.168.10.20,36879
262,1769499454.250341892,1769499454.250390530,2026-01-27T09:37:34.250342,2026-01-27T09:37:34.250391,48.64,64,192.168.10.20,36879
263,1769499454.253820419,1769499454.253870487,2026-01-27T09:37:34.253820,2026-01-27T09:37:34.253870,50.07,64,192.168.10.20,36879
264,1769499454.257383585,1769499454.257434368,2026-01-27T09:37:34.257384,2026-01-27T09:37:34.257434,50.78,64,192.168.10.20,36879
265,1769499454.261025429,1769499454.261080742,2026-01-27T09:37:34.261025,2026-01-27T09:37:34.261081,55.31,64,192.168.10.20,36879
266,1769499454.264525175,1769499454.264579773,2026-01-27T09:37:34.264525,2026-01-27T09:37:34.264580,54.60,64,192.168.10.20,36879
267,1769499454.267918825,1769499454.267966509,2026-01-27T09:37:34.267919,2026-01-27T09:37:34.267967,47.68,64,192.168.10.20,36879
268,1769499454.271306276,1769499454.271356344,2026-01-27T09:37:34.271306,2026-01-27T09:37:34.271356,50.07,64,192.168.10.20,36879
269,1769499454.274637938,1769499454.274690866,2026-01-27T09:37:34.274638,2026-01-27T09:37:34.274691,52.93,64,192.168.10.20,36879
270,1769499454.277992010,1769499454.278052807,2026-01-27T09:37:34.277992,2026-01-27T09:37:34.278053,60.80,64,192.168.10.20,36879
271,1769499454.281422377,1769499454.281471729,2026-01-27T09:37:34.281422,2026-01-27T09:37:34.281472,49.35,64,192.168.10.20,36879
272,1769499454.284997940,1769499454.285054207,2026-01-27T09:37:34.284998,2026-01-27T09:37:34.285054,56.27,64,192.168.10.20,36879
273,1769499454.288638115,1769499454.288694859,2026-01-27T09:37:34.288638,2026-01-27T09:37:34.288695,56.74,64,192.168.10.20,36879
274,1769499454.292116642,1769499454.292164326,2026-01-27T09:37:34.292117,2026-01-27T09:37:34.292164,47.68,64,192.168.10.20,36879
275,1769499454.295454741,1769499454.295505047,2026-01-27T09:37:34.295455,2026-01-27T09:37:34.295505,50.31,64,192.168.10.20,36879
276,1769499454.298840284,1769499454.298893213,2026-01-27T09:37:34.298840,2026-01-27T09:37:34.298893,52.93,64,192.168.10.20,36879
277,1769499454.302245378,1769499454.302302837,2026-01-27T09:37:34.302245,2026-01-27T09:37:34.302303,57.46,64,192.168.10.20,36879
278,1769499454.305648565,1769499454.305701733,2026-01-27T09:37:34.305649,2026-01-27T09:37:34.305702,53.17,64,192.168.10.20,36879
279,1769499454.309075117,1769499454.309125662,2026-01-27T09:37:34.309075,2026-01-27T09:37:34.309126,50.54,64,192.168.10.20,36879
280,1769499454.312439919,1769499454.312495947,2026-01-27T09:37:34.312440,2026-01-27T09:37:34.312496,56.03,64,192.168.10.20,36879
281,1769499454.315823793,1769499454.315872669,2026-01-27T09:37:34.315824,2026-01-27T09:37:34.315873,48.88,64,192.168.10.20,36879
282,1769499454.319175243,1769499454.319224358,2026-01-27T09:37:34.319175,2026-01-27T09:37:34.319224,49.11,64,192.168.10.20,36879
283,1769499454.322557211,1769499454.322606325,2026-01-27T09:37:34.322557,2026-01-27T09:37:34.322606,49.11,64,192.168.10.20,36879
284,1769499454.326274395,1769499454.326322079,2026-01-27T09:37:34.326274,2026-01-27T09:37:34.326322,47.68,64,192.168.10.20,36879
285,1769499454.329957724,1769499454.330010891,2026-01-27T09:37:34.329958,2026-01-27T09:37:34.330011,53.17,64,192.168.10.20,36879
286,1769499454.333387852,1769499454.333436966,2026-01-27T09:37:34.333388,2026-01-27T09:37:34.333437,49.11,64,192.168.10.20,36879
287,1769499454.336766720,1769499454.336819410,2026-01-27T09:37:34.336767,2026-01-27T09:37:34.336819,52.69,64,192.168.10.20,36879
288,1769499454.340159416,1769499454.340218782,2026-01-27T09:37:34.340159,2026-01-27T09:37:34.340219,59.37,64,192.168.10.20,36879
289,1769499454.343586445,1769499454.343639135,2026-01-27T09:37:34.343586,2026-01-27T09:37:34.343639,52.69,64,192.168.10.20,36879
290,1769499454.347034454,1769499454.347085476,2026-01-27T09:37:34.347034,2026-01-27T09:37:34.347085,51.02,64,192.168.10.20,36879
291,1769499454.350622892,1769499454.350672960,2026-01-27T09:37:34.350623,2026-01-27T09:37:34.350673,50.07,64,192.168.10.20,36879
292,1769499454.354169607,1769499454.354221344,2026-01-27T09:37:34.354170,2026-01-27T09:37:34.354221,51.74,64,192.168.10.20,36879
293,1769499454.357875824,1769499454.357923508,2026-01-27T09:37:34.357876,2026-01-27T09:37:34.357924,47.68,64,192.168.10.20,36879
294,1769499454.361522198,1769499454.361574650,2026-01-27T09:37:34.361522,2026-01-27T09:37:34.361575,52.45,64,192.168.10.20,36879
295,1769499454.364912987,1769499454.364964962,2026-01-27T09:37:34.364913,2026-01-27T09:37:34.364965,51.98,64,192.168.10.20,36879
296,1769499454.368312120,1769499454.368358850,2026-01-27T09:37:34.368312,2026-01-27T09:37:34.368359,46.73,64,192.168.10.20,36879
297,1769499454.371685028,1769499454.371732950,2026-01-27T09:37:34.371685,2026-01-27T09:37:34.371733,47.92,64,192.168.10.20,36879
298,1769499454.375061035,1769499454.375111818,2026-01-27T09:37:34.375061,2026-01-27T09:37:34.375112,50.78,64,192.168.10.20,36879
299,1769499454.378461599,1769499454.378511190,2026-01-27T09:37:34.378462,2026-01-27T09:37:34.378511,49.59,64,192.168.10.20,36879
300,1769499454.381966591,1769499454.382015467,2026-01-27T09:37:34.381967,2026-01-27T09:37:34.382015,48.88,64,192.168.10.20,36879
301,1769499454.385676622,1769499454.385727882,2026-01-27T09:37:34.385677,2026-01-27T09:37:34.385728,51.26,64,192.168.10.20,36879
302,1769499454.389347792,1769499454.389404774,2026-01-27T09:37:34.389348,2026-01-27T09:37:34.389405,56.98,64,192.168.10.20,36879
303,1769499454.392748117,1769499454.392799377,2026-01-27T09:37:34.392748,2026-01-27T09:37:34.392799,51.26,64,192.168.10.20,36879
304,1769499454.396130323,1769499454.396176577,2026-01-27T09:37:34.396130,2026-01-27T09:37:34.396177,46.25,64,192.168.10.20,36879
305,1769499454.399531603,1769499454.399582863,2026-01-27T09:37:34.399532,2026-01-27T09:37:34.399583,51.26,64,192.168.10.20,36879
306,1769499454.402939558,1769499454.402997494,2026-01-27T09:37:34.402940,2026-01-27T09:37:34.402997,57.94,64,192.168.10.20,36879
307,1769499454.406467676,1769499454.406520128,2026-01-27T09:37:34.406468,2026-01-27T09:37:34.406520,52.45,64,192.168.10.20,36879
308,1769499454.410149574,1769499454.410204887,2026-01-27T09:37:34.410150,2026-01-27T09:37:34.410205,55.31,64,192.168.10.20,36879
309,1769499454.413849354,1769499454.413901806,2026-01-27T09:37:34.413849,2026-01-27T09:37:34.413902,52.45,64,192.168.10.20,36879
310,1769499454.417571068,1769499454.417626143,2026-01-27T09:37:34.417571,2026-01-27T09:37:34.417626,55.07,64,192.168.10.20,36879
311,1769499454.421403885,1769499454.421473503,2026-01-27T09:37:34.421404,2026-01-27T09:37:34.421474,69.62,64,192.168.10.20,36879
312,1769499454.425143242,1769499454.425204277,2026-01-27T09:37:34.425143,2026-01-27T09:37:34.425204,61.04,64,192.168.10.20,36879
313,1769499454.428678751,1769499454.428738117,2026-01-27T09:37:34.428679,2026-01-27T09:37:34.428738,59.37,64,192.168.10.20,36879
314,1769499454.432121277,1769499454.432179689,2026-01-27T09:37:34.432121,2026-01-27T09:37:34.432180,58.41,64,192.168.10.20,36879
315,1769499454.435529470,1769499454.435584784,2026-01-27T09:37:34.435529,2026-01-27T09:37:34.435585,55.31,64,192.168.10.20,36879
316,1769499454.438916445,1769499454.438968182,2026-01-27T09:37:34.438916,2026-01-27T09:37:34.438968,51.74,64,192.168.10.20,36879
317,1769499454.442313910,1769499454.442365170,2026-01-27T09:37:34.442314,2026-01-27T09:37:34.442365,51.26,64,192.168.10.20,36879
318,1769499454.445792675,1769499454.445852041,2026-01-27T09:37:34.445793,2026-01-27T09:37:34.445852,59.37,64,192.168.10.20,36879
319,1769499454.449309587,1769499454.449362755,2026-01-27T09:37:34.449310,2026-01-27T09:37:34.449363,53.17,64,192.168.10.20,36879
320,1769499454.452955723,1769499454.453008890,2026-01-27T09:37:34.452956,2026-01-27T09:37:34.453009,53.17,64,192.168.10.20,36879
321,1769499454.456467628,1769499454.456518650,2026-01-27T09:37:34.456468,2026-01-27T09:37:34.456519,51.02,64,192.168.10.20,36879
322,1769499454.459852457,1769499454.459902763,2026-01-27T09:37:34.459852,2026-01-27T09:37:34.459903,50.31,64,192.168.10.20,36879
323,1769499454.463248968,1769499454.463299751,2026-01-27T09:37:34.463249,2026-01-27T09:37:34.463300,50.78,64,192.168.10.20,36879
324,1769499454.466564178,1769499454.466614485,2026-01-27T09:37:34.466564,2026-01-27T09:37:34.466614,50.31,64,192.168.10.20,36879
325,1769499454.469931841,1769499454.469984293,2026-01-27T09:37:34.469932,2026-01-27T09:37:34.469984,52.45,64,192.168.10.20,36879
326,1769499454.473402977,1769499454.473453045,2026-01-27T09:37:34.473403,2026-01-27T09:37:34.473453,50.07,64,192.168.10.20,36879
327,1769499454.477017879,1769499454.477073431,2026-01-27T09:37:34.477018,2026-01-27T09:37:34.477073,55.55,64,192.168.10.20,36879
328,1769499454.480630159,1769499454.480685711,2026-01-27T09:37:34.480630,2026-01-27T09:37:34.480686,55.55,64,192.168.10.20,36879
329,1769499454.484469652,1769499454.484519005,2026-01-27T09:37:34.484470,2026-01-27T09:37:34.484519,49.35,64,192.168.10.20,36879
330,1769499454.488151789,1769499454.488207102,2026-01-27T09:37:34.488152,2026-01-27T09:37:34.488207,55.31,64,192.168.10.20,36879
331,1769499454.491747379,1769499454.491799593,2026-01-27T09:37:34.491747,2026-01-27T09:37:34.491800,52.21,64,192.168.10.20,36879
332,1769499454.495304823,1769499454.495351315,2026-01-27T09:37:34.495305,2026-01-27T09:37:34.495351,46.49,64,192.168.10.20,36879
333,1769499454.498700857,1769499454.498759270,2026-01-27T09:37:34.498701,2026-01-27T09:37:34.498759,58.41,64,192.168.10.20,36879
334,1769499454.502085924,1769499454.502136946,2026-01-27T09:37:34.502086,2026-01-27T09:37:34.502137,51.02,64,192.168.10.20,36879
335,1769499454.505447626,1769499454.505497456,2026-01-27T09:37:34.505448,2026-01-27T09:37:34.505497,49.83,64,192.168.10.20,36879
336,1769499454.508831501,1769499454.508883715,2026-01-27T09:37:34.508832,2026-01-27T09:37:34.508884,52.21,64,192.168.10.20,36879
337,1769499454.512292624,1769499454.512340546,2026-01-27T09:37:34.512293,2026-01-27T09:37:34.512341,47.92,64,192.168.10.20,36879
338,1769499454.515785694,1769499454.515833616,2026-01-27T09:37:34.515786,2026-01-27T09:37:34.515834,47.92,64,192.168.10.20,36879
339,1769499454.519441605,1769499454.519490242,2026-01-27T09:37:34.519442,2026-01-27T09:37:34.519490,48.64,64,192.168.10.20,36879
340,1769499454.522979498,1769499454.523030281,2026-01-27T09:37:34.522979,2026-01-27T09:37:34.523030,50.78,64,192.168.10.20,36879
341,1769499454.526412964,1769499454.526463032,2026-01-27T09:37:34.526413,2026-01-27T09:37:34.526463,50.07,64,192.168.10.20,36879
342,1769499454.529810429,1769499454.529860973,2026-01-27T09:37:34.529810,2026-01-27T09:37:34.529861,50.54,64,192.168.10.20,36879
343,1769499454.533195257,1769499454.533244848,2026-01-27T09:37:34.533195,2026-01-27T09:37:34.533245,49.59,64,192.168.10.20,36879
344,1769499454.536578655,1769499454.536632299,2026-01-27T09:37:34.536579,2026-01-27T09:37:34.536632,53.64,64,192.168.10.20,36879
345,1769499454.540014029,1769499454.540062428,2026-01-27T09:37:34.540014,2026-01-27T09:37:34.540062,48.40,64,192.168.10.20,36879
346,1769499454.543447971,1769499454.543499947,2026-01-27T09:37:34.543448,2026-01-27T09:37:34.543500,51.98,64,192.168.10.20,36879
347,1769499454.546971321,1769499454.547022581,2026-01-27T09:37:34.546971,2026-01-27T09:37:34.547023,51.26,64,192.168.10.20,36879
348,1769499454.550666332,1769499454.550723076,2026-01-27T09:37:34.550666,2026-01-27T09:37:34.550723,56.74,64,192.168.10.20,36879
349,1769499454.554187298,1769499454.554239750,2026-01-27T09:37:34.554187,2026-01-27T09:37:34.554240,52.45,64,192.168.10.20,36879
350,1769499454.557789803,1769499454.557841301,2026-01-27T09:37:34.557790,2026-01-27T09:37:34.557841,51.50,64,192.168.10.20,36879
351,1769499454.561254501,1769499454.561305523,2026-01-27T09:37:34.561255,2026-01-27T09:37:34.561306,51.02,64,192.168.10.20,36879
352,1769499454.564593315,1769499454.564646959,2026-01-27T09:37:34.564593,2026-01-27T09:37:34.564647,53.64,64,192.168.10.20,36879
353,1769499454.567968369,1769499454.568021536,2026-01-27T09:37:34.567968,2026-01-27T09:37:34.568022,53.17,64,192.168.10.20,36879
354,1769499454.571325302,1769499454.571377754,2026-01-27T09:37:34.571325,2026-01-27T09:37:34.571378,52.45,64,192.168.10.20,36879
355,1769499454.574661016,1769499454.574713945,2026-01-27T09:37:34.574661,2026-01-27T09:37:34.574714,52.93,64,192.168.10.20,36879
356,1769499454.578084946,1769499454.578137636,2026-01-27T09:37:34.578085,2026-01-27T09:37:34.578138,52.69,64,192.168.10.20,36879
357,1769499454.581724644,1769499454.581810236,2026-01-27T09:37:34.581725,2026-01-27T09:37:34.581810,85.59,64,192.168.10.20,36879
358,1769499454.585298538,1769499454.585349560,2026-01-27T09:37:34.585299,2026-01-27T09:37:34.585350,51.02,64,192.168.10.20,36879
359,1769499454.588811159,1769499454.588861465,2026-01-27T09:37:34.588811,2026-01-27T09:37:34.588861,50.31,64,192.168.10.20,36879
360,1769499454.592382431,1769499454.592428446,2026-01-27T09:37:34.592382,2026-01-27T09:37:34.592428,46.01,64,192.168.10.20,36879
361,1769499454.595804691,1769499454.595852137,2026-01-27T09:37:34.595805,2026-01-27T09:37:34.595852,47.45,64,192.168.10.20,36879
362,1769499454.599139214,1769499454.599186420,2026-01-27T09:37:34.599139,2026-01-27T09:37:34.599186,47.21,64,192.168.10.20,36879
363,1769499454.602441549,1769499454.602490902,2026-01-27T09:37:34.602442,2026-01-27T09:37:34.602491,49.35,64,192.168.10.20,36879
364,1769499454.605808973,1769499454.605862856,2026-01-27T09:37:34.605809,2026-01-27T09:37:34.605863,53.88,64,192.168.10.20,36879
365,1769499454.609193563,1769499454.609241962,2026-01-27T09:37:34.609194,2026-01-27T09:37:34.609242,48.40,64,192.168.10.20,36879
366,1769499454.612594128,1769499454.612649679,2026-01-27T09:37:34.612594,2026-01-27T09:37:34.612650,55.55,64,192.168.10.20,36879
367,1769499454.616082430,1769499454.616128922,2026-01-27T09:37:34.616082,2026-01-27T09:37:34.616129,46.49,64,192.168.10.20,36879
368,1769499454.619619608,1769499454.619670868,2026-01-27T09:37:34.619620,2026-01-27T09:37:34.619671,51.26,64,192.168.10.20,36879
369,1769499454.623076677,1769499454.623136282,2026-01-27T09:37:34.623077,2026-01-27T09:37:34.623136,59.60,64,192.168.10.20,36879
370,1769499454.626462936,1769499454.626517296,2026-01-27T09:37:34.626463,2026-01-27T09:37:34.626517,54.36,64,192.168.10.20,36879
371,1769499454.629793167,1769499454.629842758,2026-01-27T09:37:34.629793,2026-01-27T09:37:34.629843,49.59,64,192.168.10.20,36879
372,1769499454.633145332,1769499454.633196592,2026-01-27T09:37:34.633145,2026-01-27T09:37:34.633197,51.26,64,192.168.10.20,36879
373,1769499454.636467695,1769499454.636520386,2026-01-27T09:37:34.636468,2026-01-27T09:37:34.636520,52.69,64,192.168.10.20,36879
374,1769499454.639882565,1769499454.639940262,2026-01-27T09:37:34.639883,2026-01-27T09:37:34.639940,57.70,64,192.168.10.20,36879
375,1769499454.643328190,1769499454.643380404,2026-01-27T09:37:34.643328,2026-01-27T09:37:34.643380,52.21,64,192.168.10.20,36879
376,1769499454.646972179,1769499454.647019148,2026-01-27T09:37:34.646972,2026-01-27T09:37:34.647019,46.97,64,192.168.10.20,36879
377,1769499454.650683880,1769499454.650736570,2026-01-27T09:37:34.650684,2026-01-27T09:37:34.650737,52.69,64,192.168.10.20,36879
378,1769499454.654429197,1769499454.654483795,2026-01-27T09:37:34.654429,2026-01-27T09:37:34.654484,54.60,64,192.168.10.20,36879
379,1769499454.658038616,1769499454.658103466,2026-01-27T09:37:34.658039,2026-01-27T09:37:34.658103,64.85,64,192.168.10.20,36879
380,1769499454.661478758,1769499454.661531210,2026-01-27T09:37:34.661479,2026-01-27T09:37:34.661531,52.45,64,192.168.10.20,36879
381,1769499454.664841413,1769499454.664899588,2026-01-27T09:37:34.664841,2026-01-27T09:37:34.664900,58.17,64,192.168.10.20,36879
382,1769499454.668205261,1769499454.668256521,2026-01-27T09:37:34.668205,2026-01-27T09:37:34.668257,51.26,64,192.168.10.20,36879
383,1769499454.671544313,1769499454.671594381,2026-01-27T09:37:34.671544,2026-01-27T09:37:34.671594,50.07,64,192.168.10.20,36879
384,1769499454.674908161,1769499454.674963713,2026-01-27T09:37:34.674908,2026-01-27T09:37:34.674964,55.55,64,192.168.10.20,36879
385,1769499454.678351164,1769499454.678402662,2026-01-27T09:37:34.678351,2026-01-27T09:37:34.678403,51.50,64,192.168.10.20,36879
386,1769499454.681837082,1769499454.681887388,2026-01-27T09:37:34.681837,2026-01-27T09:37:34.681887,50.31,64,192.168.10.20,36879
387,1769499454.685494423,1769499454.685545206,2026-01-27T09:37:34.685494,2026-01-27T09:37:34.685545,50.78,64,192.168.10.20,36879
388,1769499454.688956499,1769499454.689010620,2026-01-27T09:37:34.688956,2026-01-27T09:37:34.689011,54.12,64,192.168.10.20,36879
389,1769499454.692308664,1769499454.692357063,2026-01-27T09:37:34.692309,2026-01-27T09:37:34.692357,48.40,64,192.168.10.20,36879
390,1769499454.695681572,1769499454.695733309,2026-01-27T09:37:34.695682,2026-01-27T09:37:34.695733,51.74,64,192.168.10.20,36879
391,1769499454.699032068,1769499454.699083090,2026-01-27T09:37:34.699032,2026-01-27T09:37:34.699083,51.02,64,192.168.10.20,36879
392,1769499454.702423334,1769499454.702476025,2026-01-27T09:37:34.702423,2026-01-27T09:37:34.702476,52.69,64,192.168.10.20,36879
393,1769499454.705848217,1769499454.705900431,2026-01-27T09:37:34.705848,2026-01-27T09:37:34.705900,52.21,64,192.168.10.20,36879
394,1769499454.709513187,1769499454.709562540,2026-01-27T09:37:34.709513,2026-01-27T09:37:34.709563,49.35,64,192.168.10.20,36879
395,1769499454.713068724,1769499454.713123798,2026-01-27T09:37:34.713069,2026-01-27T09:37:34.713124,55.07,64,192.168.10.20,36879
396,1769499454.716730595,1769499454.716787338,2026-01-27T09:37:34.716731,2026-01-27T09:37:34.716787,56.74,64,192.168.10.20,36879
397,1769499454.720428944,1769499454.720487356,2026-01-27T09:37:34.720429,2026-01-27T09:37:34.720487,58.41,64,192.168.10.20,36879
398,1769499454.724054575,1769499454.724102974,2026-01-27T09:37:34.724055,2026-01-27T09:37:34.724103,48.40,64,192.168.10.20,36879
399,1769499454.727599144,1769499454.727650404,2026-01-27T09:37:34.727599,2026-01-27T09:37:34.727650,51.26,64,192.168.10.20,36879
400,1769499454.731018543,1769499454.731070757,2026-01-27T09:37:34.731019,2026-01-27T09:37:34.731071,52.21,64,192.168.10.20,36879
401,1769499454.734455824,1769499454.734505415,2026-01-27T09:37:34.734456,2026-01-27T09:37:34.734505,49.59,64,192.168.10.20,36879
402,1769499454.737852335,1769499454.737903833,2026-01-27T09:37:34.737852,2026-01-27T09:37:34.737904,51.50,64,192.168.10.20,36879
403,1769499454.741213799,1769499454.741263866,2026-01-27T09:37:34.741214,2026-01-27T09:37:34.741264,50.07,64,192.168.10.20,36879
404,1769499454.744624853,1769499454.744677544,2026-01-27T09:37:34.744625,2026-01-27T09:37:34.744678,52.69,64,192.168.10.20,36879
405,1769499454.748084068,1769499454.748130798,2026-01-27T09:37:34.748084,2026-01-27T09:37:34.748131,46.73,64,192.168.10.20,36879
406,1769499454.751569271,1769499454.751615047,2026-01-27T09:37:34.751569,2026-01-27T09:37:34.751615,45.78,64,192.168.10.20,36879
407,1769499454.755121231,1769499454.755171776,2026-01-27T09:37:34.755121,2026-01-27T09:37:34.755172,50.54,64,192.168.10.20,36879
408,1769499454.758585691,1769499454.758640289,2026-01-27T09:37:34.758586,2026-01-27T09:37:34.758640,54.60,64,192.168.10.20,36879
409,1769499454.762001514,1769499454.762054443,2026-01-27T09:37:34.762002,2026-01-27T09:37:34.762054,52.93,64,192.168.10.20,36879
410,1769499454.765367746,1769499454.765419245,2026-01-27T09:37:34.765368,2026-01-27T09:37:34.765419,51.50,64,192.168.10.20,36879
411,1769499454.768743277,1769499454.768802166,2026-01-27T09:37:34.768743,2026-01-27T09:37:34.768802,58.89,64,192.168.10.20,36879
412,1769499454.772108078,1769499454.772156954,2026-01-27T09:37:34.772108,2026-01-27T09:37:34.772157,48.88,64,192.168.10.20,36879
413,1769499454.775471449,1769499454.775520563,2026-01-27T09:37:34.775471,2026-01-27T09:37:34.775521,49.11,64,192.168.10.20,36879
414,1769499454.778921843,1769499454.778972387,2026-01-27T09:37:34.778922,2026-01-27T09:37:34.778972,50.54,64,192.168.10.20,36879
415,1769499454.782534838,1769499454.782588482,2026-01-27T09:37:34.782535,2026-01-27T09:37:34.782588,53.64,64,192.168.10.20,36879
416,1769499454.786216736,1769499454.786267042,2026-01-27T09:37:34.786217,2026-01-27T09:37:34.786267,50.31,64,192.168.10.20,36879
417,1769499454.789782524,1769499454.789833307,2026-01-27T09:37:34.789783,2026-01-27T09:37:34.789833,50.78,64,192.168.10.20,36879
418,1769499454.793455362,1769499454.793505907,2026-01-27T09:37:34.793455,2026-01-27T09:37:34.793506,50.54,64,192.168.10.20,36879
419,1769499454.796957731,1769499454.797014952,2026-01-27T09:37:34.796958,2026-01-27T09:37:34.797015,57.22,64,192.168.10.20,36879
420,1769499454.800411463,1769499454.800479650,2026-01-27T09:37:34.800411,2026-01-27T09:37:34.800480,68.19,64,192.168.10.20,36879
421,1769499454.803834200,1769499454.803886890,2026-01-27T09:37:34.803834,2026-01-27T09:37:34.803887,52.69,64,192.168.10.20,36879
422,1769499454.807168484,1769499454.807218313,2026-01-27T09:37:34.807168,2026-01-27T09:37:34.807218,49.83,64,192.168.10.20,36879
423,1769499454.810515404,1769499454.810566425,2026-01-27T09:37:34.810515,2026-01-27T09:37:34.810566,51.02,64,192.168.10.20,36879
424,1769499454.814015627,1769499454.814067125,2026-01-27T09:37:34.814016,2026-01-27T09:37:34.814067,51.50,64,192.168.10.20,36879
425,1769499454.817484856,1769499454.817534447,2026-01-27T09:37:34.817485,2026-01-27T09:37:34.817534,49.59,64,192.168.10.20,36879
426,1769499454.821086407,1769499454.821140528,2026-01-27T09:37:34.821086,2026-01-27T09:37:34.821141,54.12,64,192.168.10.20,36879
427,1769499454.824593067,1769499454.824647665,2026-01-27T09:37:34.824593,2026-01-27T09:37:34.824648,54.60,64,192.168.10.20,36879
428,1769499454.828016758,1769499454.828073740,2026-01-27T09:37:34.828017,2026-01-27T09:37:34.828074,56.98,64,192.168.10.20,36879
429,1769499454.831461906,1769499454.831511497,2026-01-27T09:37:34.831462,2026-01-27T09:37:34.831511,49.59,64,192.168.10.20,36879
430,1769499454.834830523,1769499454.834880829,2026-01-27T09:37:34.834831,2026-01-27T09:37:34.834881,50.31,64,192.168.10.20,36879
431,1769499454.838144779,1769499454.838189602,2026-01-27T09:37:34.838145,2026-01-27T09:37:34.838190,44.82,64,192.168.10.20,36879
432,1769499454.841525316,1769499454.841574192,2026-01-27T09:37:34.841525,2026-01-27T09:37:34.841574,48.88,64,192.168.10.20,36879
433,1769499454.844973087,1769499454.845026970,2026-01-27T09:37:34.844973,2026-01-27T09:37:34.845027,53.88,64,192.168.10.20,36879
434,1769499454.848747969,1769499454.848801851,2026-01-27T09:37:34.848748,2026-01-27T09:37:34.848802,53.88,64,192.168.10.20,36879
435,1769499454.852449894,1769499454.852498770,2026-01-27T09:37:34.852450,2026-01-27T09:37:34.852499,48.88,64,192.168.10.20,36879
436,1769499454.855963230,1769499454.856014490,2026-01-27T09:37:34.855963,2026-01-27T09:37:34.856014,51.26,64,192.168.10.20,36879
437,1769499454.859610558,1769499454.859658957,2026-01-27T09:37:34.859611,2026-01-27T09:37:34.859659,48.40,64,192.168.10.20,36879
438,1769499454.863111973,1769499454.863164186,2026-01-27T09:37:34.863112,2026-01-27T09:37:34.863164,52.21,64,192.168.10.20,36879
439,1769499454.866507053,1769499454.866560459,2026-01-27T09:37:34.866507,2026-01-27T09:37:34.866560,53.41,64,192.168.10.20,36879
440,1769499454.869919538,1769499454.869972229,2026-01-27T09:37:34.869920,2026-01-27T09:37:34.869972,52.69,64,192.168.10.20,36879
441,1769499454.873297930,1769499454.873349667,2026-01-27T09:37:34.873298,2026-01-27T09:37:34.873350,51.74,64,192.168.10.20,36879
442,1769499454.876667023,1769499454.876730442,2026-01-27T09:37:34.876667,2026-01-27T09:37:34.876730,63.42,64,192.168.10.20,36879
443,1769499454.880096197,1769499454.880144358,2026-01-27T09:37:34.880096,2026-01-27T09:37:34.880144,48.16,64,192.168.10.20,36879
444,1769499454.883528948,1769499454.883580446,2026-01-27T09:37:34.883529,2026-01-27T09:37:34.883580,51.50,64,192.168.10.20,36879
445,1769499454.887065649,1769499454.887114286,2026-01-27T09:37:34.887066,2026-01-27T09:37:34.887114,48.64,64,192.168.10.20,36879
446,1769499454.890612125,1769499454.890661716,2026-01-27T09:37:34.890612,2026-01-27T09:37:34.890662,49.59,64,192.168.10.20,36879
447,1769499454.894078732,1769499454.894128561,2026-01-27T09:37:34.894079,2026-01-27T09:37:34.894129,49.83,64,192.168.10.20,36879
448,1769499454.897498131,1769499454.897549629,2026-01-27T09:37:34.897498,2026-01-27T09:37:34.897550,51.50,64,192.168.10.20,36879
449,1769499454.900900364,1769499454.900952578,2026-01-27T09:37:34.900900,2026-01-27T09:37:34.900953,52.21,64,192.168.10.20,36879
450,1769499454.904259443,1769499454.904307127,2026-01-27T09:37:34.904259,2026-01-27T09:37:34.904307,47.68,64,192.168.10.20,36879
451,1769499454.907650232,1769499454.907702684,2026-01-27T09:37:34.907650,2026-01-27T09:37:34.907703,52.45,64,192.168.10.20,36879
452,1769499454.911100864,1769499454.911152124,2026-01-27T09:37:34.911101,2026-01-27T09:37:34.911152,51.26,64,192.168.10.20,36879
453,1769499454.914664984,1769499454.914721489,2026-01-27T09:37:34.914665,2026-01-27T09:37:34.914721,56.51,64,192.168.10.20,36879
454,1769499454.918474674,1769499454.918524265,2026-01-27T09:37:34.918475,2026-01-27T09:37:34.918524,49.59,64,192.168.10.20,36879
455,1769499454.922025442,1769499454.922075510,2026-01-27T09:37:34.922025,2026-01-27T09:37:34.922076,50.07,64,192.168.10.20,36879
456,1769499454.925535917,1769499454.925586939,2026-01-27T09:37:34.925536,2026-01-27T09:37:34.925587,51.02,64,192.168.10.20,36879
457,1769499454.929041624,1769499454.929096222,2026-01-27T09:37:34.929042,2026-01-27T09:37:34.929096,54.60,64,192.168.10.20,36879
458,1769499454.932433128,1769499454.932487249,2026-01-27T09:37:34.932433,2026-01-27T09:37:34.932487,54.12,64,192.168.10.20,36879
459,1769499454.935844898,1769499454.935896158,2026-01-27T09:37:34.935845,2026-01-27T09:37:34.935896,51.26,64,192.168.10.20,36879
460,1769499454.939243555,1769499454.939296007,2026-01-27T09:37:34.939244,2026-01-27T09:37:34.939296,52.45,64,192.168.10.20,36879
461,1769499454.942554951,1769499454.942607164,2026-01-27T09:37:34.942555,2026-01-27T09:37:34.942607,52.21,64,192.168.10.20,36879
462,1769499454.945927382,1769499454.945981503,2026-01-27T09:37:34.945927,2026-01-27T09:37:34.945982,54.12,64,192.168.10.20,36879
463,1769499454.949418783,1769499454.949467421,2026-01-27T09:37:34.949419,2026-01-27T09:37:34.949467,48.64,64,192.168.10.20,36879
464,1769499454.952860117,1769499454.952918291,2026-01-27T09:37:34.952860,2026-01-27T09:37:34.952918,58.17,64,192.168.10.20,36879
465,1769499454.956484795,1769499454.956531286,2026-01-27T09:37:34.956485,2026-01-27T09:37:34.956531,46.49,64,192.168.10.20,36879
466,1769499454.959954023,1769499454.960002422,2026-01-27T09:37:34.959954,2026-01-27T09:37:34.960002,48.40,64,192.168.10.20,36879
467,1769499454.963346958,1769499454.963398218,2026-01-27T09:37:34.963347,2026-01-27T09:37:34.963398,51.26,64,192.168.10.20,36879
468,1769499454.966739416,1769499454.966790199,2026-01-27T09:37:34.966739,2026-01-27T09:37:34.966790,50.78,64,192.168.10.20,36879
469,1769499454.970053911,1769499454.970108271,2026-01-27T09:37:34.970054,2026-01-27T09:37:34.970108,54.36,64,192.168.10.20,36879
470,1769499454.973400831,1769499454.973454237,2026-01-27T09:37:34.973401,2026-01-27T09:37:34.973454,53.41,64,192.168.10.20,36879
471,1769499454.976846218,1769499454.976900339,2026-01-27T09:37:34.976846,2026-01-27T09:37:34.976900,54.12,64,192.168.10.20,36879
472,1769499454.980471373,1769499454.980518818,2026-01-27T09:37:34.980471,2026-01-27T09:37:34.980519,47.45,64,192.168.10.20,36879
473,1769499454.984127045,1769499454.984178543,2026-01-27T09:37:34.984127,2026-01-27T09:37:34.984179,51.50,64,192.168.10.20,36879
474,1769499454.987865448,1769499454.987918615,2026-01-27T09:37:34.987865,2026-01-27T09:37:34.987919,53.17,64,192.168.10.20,36879
475,1769499454.991412163,1769499454.991462708,2026-01-27T09:37:34.991412,2026-01-27T09:37:34.991463,50.54,64,192.168.10.20,36879
476,1769499454.994925737,1769499454.994977474,2026-01-27T09:37:34.994926,2026-01-27T09:37:34.994977,51.74,64,192.168.10.20,36879
477,1769499454.998381138,1769499454.998428822,2026-01-27T09:37:34.998381,2026-01-27T09:37:34.998429,47.68,64,192.168.10.20,36879
478,1769499455.001799822,1769499455.001851320,2026-01-27T09:37:35.001800,2026-01-27T09:37:35.001851,51.50,64,192.168.10.20,36879
479,1769499455.005222559,1769499455.005272388,2026-01-27T09:37:35.005223,2026-01-27T09:37:35.005272,49.83,64,192.168.10.20,36879
480,1769499455.008595943,1769499455.008651495,2026-01-27T09:37:35.008596,2026-01-27T09:37:35.008651,55.55,64,192.168.10.20,36879
481,1769499455.012015581,1769499455.012064934,2026-01-27T09:37:35.012016,2026-01-27T09:37:35.012065,49.35,64,192.168.10.20,36879
482,1769499455.015508652,1769499455.015560389,2026-01-27T09:37:35.015509,2026-01-27T09:37:35.015560,51.74,64,192.168.10.20,36879
483,1769499455.018985748,1769499455.019040108,2026-01-27T09:37:35.018986,2026-01-27T09:37:35.019040,54.36,64,192.168.10.20,36879
484,1769499455.022551060,1769499455.022601366,2026-01-27T09:37:35.022551,2026-01-27T09:37:35.022601,50.31,64,192.168.10.20,36879
485,1769499455.026053190,1769499455.026106596,2026-01-27T09:37:35.026053,2026-01-27T09:37:35.026107,53.41,64,192.168.10.20,36879
486,1769499455.029462814,1769499455.029512167,2026-01-27T09:37:35.029463,2026-01-27T09:37:35.029512,49.35,64,192.168.10.20,36879
487,1769499455.032791853,1769499455.032849550,2026-01-27T09:37:35.032792,2026-01-27T09:37:35.032850,57.70,64,192.168.10.20,36879
488,1769499455.036140442,1769499455.036190510,2026-01-27T09:37:35.036140,2026-01-27T09:37:35.036191,50.07,64,192.168.10.20,36879
489,1769499455.039493799,1769499455.039544821,2026-01-27T09:37:35.039494,2026-01-27T09:37:35.039545,51.02,64,192.168.10.20,36879
490,1769499455.042994499,1769499455.043042421,2026-01-27T09:37:35.042994,2026-01-27T09:37:35.043042,47.92,64,192.168.10.20,36879
491,1769499455.046642780,1769499455.046700001,2026-01-27T09:37:35.046643,2026-01-27T09:37:35.046700,57.22,64,192.168.10.20,36879
492,1769499455.050397396,1769499455.050455332,2026-01-27T09:37:35.050397,2026-01-27T09:37:35.050455,57.94,64,192.168.10.20,36879
493,1769499455.053916216,1769499455.053973198,2026-01-27T09:37:35.053916,2026-01-27T09:37:35.053973,56.98,64,192.168.10.20,36879
494,1769499455.057569027,1769499455.057618856,2026-01-27T09:37:35.057569,2026-01-27T09:37:35.057619,49.83,64,192.168.10.20,36879
495,1769499455.061102629,1769499455.061160803,2026-01-27T09:37:35.061103,2026-01-27T09:37:35.061161,58.17,64,192.168.10.20,36879
496,1769499455.064507961,1769499455.064564466,2026-01-27T09:37:35.064508,2026-01-27T09:37:35.064564,56.51,64,192.168.10.20,36879
497,1769499455.067901373,1769499455.067948103,2026-01-27T09:37:35.067901,2026-01-27T09:37:35.067948,46.73,64,192.168.10.20,36879
498,1769499455.071258783,1769499455.071308851,2026-01-27T09:37:35.071259,2026-01-27T09:37:35.071309,50.07,64,192.168.10.20,36879
499,1769499455.074532270,1769499455.074587584,2026-01-27T09:37:35.074532,2026-01-27T09:37:35.074588,55.31,64,192.168.10.20,36879
500,1769499455.077948570,1769499455.078005075,2026-01-27T09:37:35.077949,2026-01-27T09:37:35.078005,56.51,64,192.168.10.20,36879
